Source;Titre;URL;Prix;Date
Yahoo;レア☆ 龍虎の拳 ネオジオ NEOGEO;https://page.auctions.yahoo.co.jp/jp/auction/s1214143008;¥12,550;2026-01-04 13:25 UTC
Yahoo;1円〜 動作保証品 NG ネオジオROM 龍虎の拳 エス・エヌ・ケイ SNK 箱説付【10;https://page.auctions.yahoo.co.jp/jp/auction/c1214582588;¥24,860;2026-01-08 12:05 UTC
Yahoo;ネオジオAES用ROM★龍虎の拳★箱説付★動作品;https://page.auctions.yahoo.co.jp/jp/auction/t1214721791;¥13,611;2026-01-11 15:16 UTC
Yahoo;NEOGEO ネオジオROM 龍虎の拳;https://page.auctions.yahoo.co.jp/jp/auction/s1216415233;¥14,000;2026-01-21 09:38 UTC
Yahoo;NEOGEO 龍虎の拳 ART OF FIGHTING II 2;https://page.auctions.yahoo.co.jp/jp/auction/n1216034487;¥7,000;2026-01-22 15:10 UTC
Yahoo;6285 NEOGEO ネオジオ 龍虎の拳 SNK ROM ネオジオROM ゲームソフト 動作未確認;https://page.auctions.yahoo.co.jp/jp/auction/d1216162540;¥6,300;2026-01-22 15:19 UTC
Yahoo;【箱付き】龍虎の拳 ネオジオ NEOGEO;https://page.auctions.yahoo.co.jp/jp/auction/t1216629497;¥12,101;2026-01-23 13:42 UTC
Yahoo;龍虎の拳２;https://page.auctions.yahoo.co.jp/jp/auction/c1216485618;¥5,500;2026-01-24 13:48 UTC
Yahoo;龍虎の拳 / NEOGEO ネオジオ;https://page.auctions.yahoo.co.jp/jp/auction/l1216527357;¥7,250;2026-01-25 12:49 UTC
Yahoo;龍虎の拳 ネオジオ ROM SNK;https://page.auctions.yahoo.co.jp/jp/auction/z529843294;¥6,900;2026-01-26 11:22 UTC
Yahoo;CA0105726　◎ SNK NEOGEO ネオジオ 龍虎の拳 ROMカセット パッケージ ケース 説明書 ゲームソフト 中古品 used品 現状品;https://page.auctions.yahoo.co.jp/jp/auction/r1216772845;¥6,385;2026-01-26 11:56 UTC
Yahoo;【動作確認済】龍虎の拳　ネオジオ　ROMカセット;https://page.auctions.yahoo.co.jp/jp/auction/j1207004657;¥11,000;2026-01-27 12:23 UTC
Yahoo;1円〜 動作保証品 NG ネオジオROM 龍虎の拳 エス・エヌ・ケイ SNK 箱説付【10;https://page.auctions.yahoo.co.jp/jp/auction/h1217351114;¥14,850;2026-01-31 13:04 UTC
Yahoo;1円〜 ネオジオ ロムカセット 龍虎の拳;https://page.auctions.yahoo.co.jp/jp/auction/b1218308001;¥13,752;2026-02-05 13:33 UTC
Yahoo;動作保証品 NG ネオジオROM 龍虎の拳 エス・エヌ・ケイ SNK 箱付【10;https://page.auctions.yahoo.co.jp/jp/auction/l1218317578;¥5,390;2026-02-08 12:37 UTC
Yahoo;【NEOGEO ROM】龍虎の拳【中古】;https://page.auctions.yahoo.co.jp/jp/auction/s1218315893;¥13,000;2026-02-08 14:27 UTC
Yahoo;【箱付き】【動作品】龍虎の拳 ネオジオ NEOGEO;https://page.auctions.yahoo.co.jp/jp/auction/w1219143327;¥10,285;2026-02-14 13:35 UTC
Yahoo;4535506701442,【DVD】福富博 / バトルスピリッツ 龍虎の拳　MJBD-70144;https://page.auctions.yahoo.co.jp/jp/auction/t1218878080;¥5,175;2026-02-15 12:55 UTC
Yahoo;【06】SNK 龍虎の拳 ネオ・ジオソフト 中古 現状品 251206B5154;https://page.auctions.yahoo.co.jp/jp/auction/g1220506320;¥5,060;2026-02-25 13:51 UTC
Yahoo;ネオジオ用ROMソフト　龍虎の拳　説明書　元箱付き;https://page.auctions.yahoo.co.jp/jp/auction/m1220548801;¥9,001;2026-02-27 13:21 UTC
Yahoo;NG 龍虎の拳;https://page.auctions.yahoo.co.jp/jp/auction/e1221869306;¥17,050;2026-03-10 13:35 UTC
Mercari;【NEO GEO】箱・説明書付き　龍虎の拳　ネオジオ ROM　SNK　111;https://jp.mercari.com/item/2JNGZywqFLKCrVfBghGkAq;¥9,999;2026-03-11 03:20 UTC
Mercari;ネオジオ 龍虎の拳;https://jp.mercari.com/item/m39655923046;¥13,000;2026-03-13 22:15 UTC
Mercari;帯付き】 龍虎の拳 ザ・キング・オブ・ファイターズ ’98;https://jp.mercari.com/item/m86514938128;¥13,500;2026-03-16 14:57 UTC
Yahoo;【希少】NEO-GEO■龍虎の拳 ロムカセット 箱説明書有り SNK ネオジオ レトロゲーム GPN-26020206;https://page.auctions.yahoo.co.jp/jp/auction/s1218151578;¥12,000;2026-03-19 10:34 UTC
Yahoo;バトルスピリッツ　龍虎の拳DVD;https://page.auctions.yahoo.co.jp/jp/auction/g1222958194;¥8,000;2026-03-20 12:48 UTC
Yahoo;1円〜 動作保証品 NG ネオジオROM 龍虎の拳 箱説付【10;https://page.auctions.yahoo.co.jp/jp/auction/k1223383734;¥12,650;2026-03-23 12:08 UTC
Yahoo;【中古】[NG]龍虎の拳(ART OF FIGHTING)(ROMカートリッジ/ロムカセット)(10023038);https://page.auctions.yahoo.co.jp/jp/auction/g1192280697;¥10,897;2026-03-24 12:30 UTC
Yahoo;ネオジオ 龍虎の拳 即決;https://page.auctions.yahoo.co.jp/jp/auction/h1224280327;¥16,480;2026-03-26 08:38 UTC
Yahoo;●格闘ゲーム【初代　龍虎の拳】ネオジオROM レトロゲーム　箱　説明書あり　ロバート　リョウ;https://page.auctions.yahoo.co.jp/jp/auction/t1224494023;¥14,980;2026-03-30 00:38 UTC
Mercari;【説明書あり】初代 龍虎の拳 ART OF FIGHTING ネオジオROM;https://jp.mercari.com/item/m45014993501;¥8,000;2026-04-05 12:30 UTC
Mercari;1190　龍虎の拳 ネオジオ;https://jp.mercari.com/item/m36627427196;¥11,000;2026-04-06 07:09 UTC
Mercari;龍虎の拳 ネオジオ NEOGEO SNK ROM ロムカセット;https://jp.mercari.com/item/m28941205861;¥10,000;2026-04-11 07:02 UTC
Yahoo;コレクター放出【箱付き】龍虎の拳 ネオジオ NEOGEO;https://page.auctions.yahoo.co.jp/jp/auction/u1226071447;¥13,700;2026-04-14 14:12 UTC
Yahoo;NEOGEO ロムカセット 龍虎の拳 箱 説明書付き レトロゲーム ジャンク B11120614;https://page.auctions.yahoo.co.jp/jp/auction/h1226385224;¥14,630;2026-04-16 20:07 UTC
Yahoo;NEOGEO ネオジオ ROMソフト 龍虎の拳;https://page.auctions.yahoo.co.jp/jp/auction/d1211049111;¥11,400;2026-04-17 12:27 UTC
Mercari;龍虎の拳 ARCADE (美品) HC04061 SNK NEOGEO;https://jp.mercari.com/item/m16132656782;¥5,000;2026-04-18 14:43 UTC
Yahoo;超ド級ゲーム「ネオ・ジオ」龍虎の拳２　NeoGeo　スーパーリアル対戦　格ゲー　SNK　家庭用ROMカセット（AES）★Ｗ８３a2604;https://page.auctions.yahoo.co.jp/jp/auction/m1225676324;¥10,000;2026-04-24 12:33 UTC
Mercari;龍虎の拳 ネオジオ;https://jp.mercari.com/item/m57654162706;¥18,000;2026-04-27 10:33 UTC
Yahoo;NEOGEO ネオジオ　龍虎の拳　ロムカセット;https://page.auctions.yahoo.co.jp/jp/auction/u1161273576;¥18,500;2026-04-27 18:41 UTC
Yahoo;動作保証品 NG ネオジオROM 龍虎の拳 箱説付【10;https://page.auctions.yahoo.co.jp/jp/auction/g1227554788;¥19,800;2026-04-28 12:54 UTC
Yahoo;レア 希少 NEOGEO SNK 龍虎の拳 ロム カセット ロムカセット ROM 動作確認済 ネオジオ;https://page.auctions.yahoo.co.jp/jp/auction/h1108407477;¥20,000;2026-04-28 12:58 UTC
Mercari;NEO GEO 龍虎の拳 ケース付き;https://jp.mercari.com/item/m88594240100;¥10,000;2026-04-29 02:30 UTC
Yahoo;SNK ネオジオ 龍虎の拳 ロムカセット NEOGEO;https://page.auctions.yahoo.co.jp/jp/auction/z602296322;¥7,500;2026-05-02 01:46 UTC
Mercari;SNK ネオジオ ROM 龍虎の拳;https://jp.mercari.com/item/m63894623288;¥16,000;2026-05-02 03:28 UTC
Yahoo;ネオジオROM 龍虎の拳 NEOGEO ;https://page.auctions.yahoo.co.jp/jp/auction/w1212308813;¥10,550;2026-05-02 10:09 UTC
Mercari;龍虎の拳 NEO GEO;https://jp.mercari.com/item/m86483904176;¥19,000;2026-05-02 13:11 UTC
Yahoo;〈動作確認済み〉 NEOGEO ネオジオ 龍虎の拳 NG Art of Fighting;https://page.auctions.yahoo.co.jp/jp/auction/l1228350238;¥9,751;2026-05-03 13:53 UTC
Yahoo;動作保証品 NG ネオジオROM 龍虎の拳 箱説付【10;https://page.auctions.yahoo.co.jp/jp/auction/p1228428511;¥18,810;2026-05-08 12:50 UTC
Yahoo;SNK ネオジオ 龍虎の拳 ロムカセット NEOGEO;https://page.auctions.yahoo.co.jp/jp/auction/z606487082;¥8,000;2026-05-09 06:26 UTC
Yahoo;レア 希少 NEOGEO SNK 龍虎の拳 ロム カセット ロムカセット ROM 動作確認済 ネオジオ;https://page.auctions.yahoo.co.jp/jp/auction/x1228367752;¥28,000;2026-05-09 22:27 UTC
Yahoo;【美品】龍虎の拳 ART OF FIGHTING ネオジオ NGH-044 箱・取説付 動作品 SNK NEO-GEO;https://page.auctions.yahoo.co.jp/jp/auction/g1228976980;¥25,100;2026-05-10 12:12 UTC
Yahoo;1円〜②【動作確認済み】龍虎の拳 NEOGEO ネオジオ ROM SNK 取説 ケース付き #④65;https://page.auctions.yahoo.co.jp/jp/auction/1228773522;¥21,611;2026-05-10 13:15 UTC
Yahoo;2WB81◆NG SNK 龍虎の拳 箱説有 ネオジオ ソフト/ゲーム ROM NEOGEO NEO-GEO 送:60;https://page.auctions.yahoo.co.jp/jp/auction/h1228682599;¥20,350;2026-05-10 13:34 UTC
Yahoo;1円〜②【動作確認済み】龍虎の拳 NEOGEO ネオジオ ROM SNK 箱 取説付き #④62;https://page.auctions.yahoo.co.jp/jp/auction/q1228768091;¥17,183;2026-05-10 14:02 UTC
Yahoo;ネオジオ ロム 龍虎の拳 NEOGEO ROM SNK;https://page.auctions.yahoo.co.jp/jp/auction/z607218114;¥30,000;2026-05-10 20:20 UTC
Yahoo;◆龍虎の拳 1/15 リョウ・サカザキ ガレージキット/ガレキ;https://page.auctions.yahoo.co.jp/jp/auction/r1229311837;¥5,060;2026-05-12 14:00 UTC
Yahoo;ネオジオ ロム 龍虎の拳 NEOGEO ROM SNK;https://page.auctions.yahoo.co.jp/jp/auction/z608338106;¥32,000;2026-05-12 17:42 UTC
Yahoo;ネオジオ ロム 龍虎の拳 NEOGEO ROM SNK;https://page.auctions.yahoo.co.jp/jp/auction/z609097622;¥32,000;2026-05-14 13:42 UTC
Mercari;ネオジオROMカセット 龍虎の拳;https://jp.mercari.com/item/m98751982840;¥19,800;2026-05-16 05:38 UTC
Yahoo;ネオジオ ロム 龍虎の拳 NEOGEO ROM SNK;https://page.auctions.yahoo.co.jp/jp/auction/z609680170;¥35,000;2026-05-16 17:00 UTC
Yahoo;〈動作確認済み〉 NEOGEO ネオジオ 龍虎の拳 NG Art of Fighting;https://page.auctions.yahoo.co.jp/jp/auction/j1229553575;¥16,500;2026-05-17 13:57 UTC
Yahoo;龍虎の拳(カートリッジ);https://page.auctions.yahoo.co.jp/jp/auction/t1229711853;¥11,160;2026-05-17 15:27 UTC
Yahoo;【箱・取説あり】龍虎の拳 ROM ネオジオ NEOGEO SNK;https://page.auctions.yahoo.co.jp/jp/auction/z610177412;¥26,800;2026-05-19 00:12 UTC
Yahoo;3/ SNK NEO-GEO ROM / ネオジオ ロム　龍虎の拳２　動作品　/ 31621;https://page.auctions.yahoo.co.jp/jp/auction/m1230428038;¥18,500;2026-05-20 14:05 UTC
Mercari;SNK ネオジオROM 龍虎の拳;https://jp.mercari.com/item/m29871631614;¥19,800;2026-05-21 05:22 UTC
Yahoo;NEO-GEO ロムカセット 龍虎の拳 SNK NEOGEO AES;https://page.auctions.yahoo.co.jp/jp/auction/z611398442;¥21,000;2026-05-21 14:53 UTC
Yahoo;【NG】 龍虎の拳;https://page.auctions.yahoo.co.jp/jp/auction/z613264538;¥18,000;2026-05-21 14:59 UTC
Yahoo;ネオジオROM 即決 「龍虎の拳」　箱あり　説明書なし　動作品;https://page.auctions.yahoo.co.jp/jp/auction/u1229959861;¥22,000;2026-05-22 10:53 UTC
Yahoo;【送料無料・動作確認済】ネオジオ 龍虎の拳 ROMカセット（箱・説明書付）;https://page.auctions.yahoo.co.jp/jp/auction/e1230379711;¥29,800;2026-05-22 22:57 UTC
Mercari;ネオジオROMソフト 龍虎の拳 SNK 箱説付き NEOGEO;https://jp.mercari.com/item/m58627524244;¥19,000;2026-05-23 07:18 UTC
Yahoo;動作保証品 NG ネオジオROM 龍虎の拳 2 エス・エヌ・ケイ SNK 箱付【10;https://page.auctions.yahoo.co.jp/jp/auction/k1230458388;¥11,550;2026-05-24 12:33 UTC
Yahoo;042 ネオジオ ソフト 龍虎の拳 NGH-044　※中古;https://page.auctions.yahoo.co.jp/jp/auction/v1230935700;¥15,954;2026-05-26 09:55 UTC
Mercari;【動作確認済み】龍虎の拳　NEO GEO ソフト　ネオジオ;https://jp.mercari.com/item/m94942559148;¥21,500;2026-05-27 14:03 UTC
Yahoo;【NG】 龍虎の拳;https://page.auctions.yahoo.co.jp/jp/auction/z614519282;¥23,000;2026-05-28 03:15 UTC
Yahoo;NEOGEO ロムカセット 龍虎の拳 SNK 1992年製　AES;https://page.auctions.yahoo.co.jp/jp/auction/z614955776;¥24,800;2026-05-28 18:02 UTC
Yahoo;1円～ 動作保証品 NG ネオジオROM 龍虎の拳 箱説付【10;https://page.auctions.yahoo.co.jp/jp/auction/u1231143370;¥23,100;2026-05-30 13:03 UTC
Yahoo;ネオジオ 龍虎の拳 箱説付き SNK ロムカセット;https://page.auctions.yahoo.co.jp/jp/auction/l1230955713;¥30,500;2026-05-30 13:19 UTC
Yahoo;ネオジオROM　龍虎の拳２;https://page.auctions.yahoo.co.jp/jp/auction/w1231578356;¥10,700;2026-05-31 14:52 UTC
Yahoo;ネオジオ ロム 龍虎の拳 NEOGEO ROM SNK ネオジオロム ;https://page.auctions.yahoo.co.jp/jp/auction/z618126500;¥32,000;2026-06-01 01:42 UTC
Yahoo;1円～ ネオジオ ロムカセット 龍虎の拳;https://page.auctions.yahoo.co.jp/jp/auction/f1231744495;¥24,640;2026-06-01 13:01 UTC
Yahoo;【中古】NG）龍虎の拳;https://page.auctions.yahoo.co.jp/jp/auction/c1231308535;¥20,680;2026-06-02 14:12 UTC
Yahoo;1円〜 NEO GEO ネオジオ SNK 龍虎の拳 ROMカセット ロムカセット ゲーム ゲームソフト 中古 現状品;https://page.auctions.yahoo.co.jp/jp/auction/p1231385967;¥26,620;2026-06-03 12:49 UTC
Mercari;龍虎の拳 ネオジオ;https://jp.mercari.com/item/m10511102810;¥22,000;2026-06-04 00:01 UTC
Mercari;龍虎の拳 ネオジオ NEOGEO;https://jp.mercari.com/item/m55834678330;¥20,000;2026-06-04 06:38 UTC
Yahoo;【紫波25-8-0602】【中古/60】龍虎の拳　ネオジオROMカセット;https://page.auctions.yahoo.co.jp/jp/auction/g1232213613;¥22,928;2026-06-06 13:50 UTC
Mercari;【レア★ネオジオROMソフト】　龍虎の拳 (ROMカセット);https://jp.mercari.com/item/m37055026355;¥29,800;2026-06-07 01:01 UTC
Yahoo;NEO GEO ゲームカセット　龍虎の拳　 中古ジャンク品 　1;https://page.auctions.yahoo.co.jp/jp/auction/m1231947724;¥18,500;2026-06-07 13:15 UTC
Yahoo;龍虎の拳 ２　　SNKネオジオ用ソフト;https://page.auctions.yahoo.co.jp/jp/auction/c1231544160;¥5,500;2026-06-07 14:31 UTC
Mercari;【即購入ok】龍虎の拳 ネオジオ NEOGEO;https://jp.mercari.com/item/m94273500321;¥19,000;2026-06-08 06:03 UTC
Mercari;ネオジオROMカセット　龍虎の拳;https://jp.mercari.com/item/m63073968105;¥20,000;2026-06-08 12:07 UTC
Yahoo;龍虎の拳 ネオジオ NEOGEO;https://page.auctions.yahoo.co.jp/jp/auction/m1232541198;¥22,500;2026-06-10 12:08 UTC
Yahoo;龍虎の拳、ネオジオロム;https://page.auctions.yahoo.co.jp/jp/auction/b1232375645;¥20,501;2026-06-11 12:41 UTC
Yahoo;ネオジオROM　龍虎の拳２;https://page.auctions.yahoo.co.jp/jp/auction/h1233260874;¥12,000;2026-06-14 08:25 UTC
Yahoo;1円～ 欠品 ネオジオ ロムカセット 龍虎の拳;https://page.auctions.yahoo.co.jp/jp/auction/e1233363353;¥12,320;2026-06-14 13:41 UTC
Yahoo;〈ソフト美品・動作確認済み〉 NEOGEO ネオジオ 龍虎の拳 NG Art of Fighting;https://page.auctions.yahoo.co.jp/jp/auction/e1232679894;¥17,799;2026-06-14 13:58 UTC
Yahoo;【レトロゲーム】Neo Geo 龍虎の拳２ m0611;https://page.auctions.yahoo.co.jp/jp/auction/f1233208788;¥15,551;2026-06-14 15:11 UTC
Yahoo;1円～ 動作保証品 NG ネオジオROM 龍虎の拳 箱説付【10;https://page.auctions.yahoo.co.jp/jp/auction/q1233211056;¥20,900;2026-06-16 12:44 UTC
Yahoo;【箱付き】龍虎の拳 ネオジオ NEOGEO;https://page.auctions.yahoo.co.jp/jp/auction/n1233340783;¥16,795;2026-06-17 13:38 UTC
Yahoo;SNK NEOGEO ロム 龍虎の拳 NEOGEO AES;https://page.auctions.yahoo.co.jp/jp/auction/z628965212;¥25,500;2026-06-18 10:20 UTC
Yahoo;ネオジオソフト「龍虎の拳」（説明書無し）;https://page.auctions.yahoo.co.jp/jp/auction/s1233224572;¥11,502;2026-06-18 15:46 UTC
Yahoo;【送料無料】 ネオジオ 龍虎の拳 NEOGEO ROM カセット SNK NEO GEO NEO-GEO ;https://page.auctions.yahoo.co.jp/jp/auction/s1232827734;¥25,800;2026-06-19 10:28 UTC
Yahoo;ネオジオ SNK 龍虎の拳 ソフト 保存ケース 説明書付き 現状品 NEOGEO;https://page.auctions.yahoo.co.jp/jp/auction/e1233772533;¥20,550;2026-06-20 14:56 UTC
Yahoo;ネオジオ NEOGEO 龍虎の拳２ 箱説あり 動作確認済み;https://page.auctions.yahoo.co.jp/jp/auction/n1233940052;¥16,301;2026-06-21 12:47 UTC
Yahoo;NEOGEO 龍虎の拳 - ネオジオROM版 中古品 動作確認済;https://page.auctions.yahoo.co.jp/jp/auction/e1233536216;¥23,301;2026-06-21 13:52 UTC
Mercari;NEOGEO 龍虎の拳 1 2 SNKネオジオロム;https://jp.mercari.com/item/m40869973197;¥35,500;2026-06-25 02:38 UTC
Yahoo;ネオジオ 龍虎の拳 ROMカセット 箱・説明書付 SNK;https://page.auctions.yahoo.co.jp/jp/auction/1234343385;¥22,550;2026-06-26 13:02 UTC
Mercari;極美品 SNKネオジオ ソフト 龍虎の拳;https://jp.mercari.com/item/m44175624156;¥20,000;2026-06-27 11:18 UTC
Yahoo;□Yh/384☆SNK☆ネオジオ ロム NEOGEO ROM☆龍虎の拳☆動作OK;https://page.auctions.yahoo.co.jp/jp/auction/v1234968038;¥20,000;2026-06-27 12:53 UTC
Yahoo;ネオジオ ロム 龍虎の拳 NEOGEO ROM SNK ;https://page.auctions.yahoo.co.jp/jp/auction/z634003044;¥22,000;2026-06-28 01:42 UTC
Yahoo;ネオジオ ロム 龍虎の拳 NEOGEO ROM SNK ネオジオロム ;https://page.auctions.yahoo.co.jp/jp/auction/z619084562;¥24,000;2026-06-28 03:22 UTC
Yahoo;JTA2402〈箱・説明書付〉龍虎の拳　NEOGEO ネオジオ NG Art of Fighting;https://page.auctions.yahoo.co.jp/jp/auction/u1234728085;¥20,000;2026-06-28 12:03 UTC
Yahoo;ネオジオ ロム 龍虎の拳 NEOGEO ROM SNK ネオジオロム ;https://page.auctions.yahoo.co.jp/jp/auction/z634972266;¥27,800;2026-06-28 12:22 UTC
Mercari;SNK ネオジオROM 龍虎の拳　ケース・説明書付き;https://jp.mercari.com/item/m42113930172;¥13,800;2026-07-09 10:24 UTC
Mercari;龍虎の拳　ネオジオ ROMカセット;https://jp.mercari.com/item/m30690307671;¥18,000;2026-07-13 05:17 UTC
