Titre;URL;Prix;Date
SNK NEOGEO NEO GEO AES art of fighting 2 complet version japonaise;https://www.ebay.fr/itm/306959854626;€171;2026-05-31
Ryuuko no Ken 2 Art of Fighting SNK NEO GEO AES NTSC Japan;https://www.ebay.fr/itm/227363866341;€150;2026-05-30
Ryuuko no Ken 2 Art of Fighting SNK NEO GEO AES NTSC Japan;https://www.ebay.fr/itm/257528757685;€215;2026-05-30
Art of Fighting 2 Neo Geo AES JAP Fonctionnement Confirmé;https://www.ebay.fr/itm/318369642947;€169;2026-05-27
Art of Fighting 2 Neo Geo AES JAP Fonctionnement Confirmé;https://www.ebay.fr/itm/318344267714;€159;2026-05-23
Art of Fighting 2 Neo Geo AES JAP Fonctionnement Confirmé;https://www.ebay.fr/itm/318338231683;€149;2026-05-21
>> ART OF FIGHTING II 2 NEO GEO AES ORIGINAL JAPAN HANDBILL FLYER CHIRASHI! <<;https://www.ebay.fr/itm/303981516519;€40;2026-05-17
Ryuuko no Ken 2 Art of Fighting SNK NEO GEO AES NTSC Japan;https://www.ebay.fr/itm/267670484104;€169;2026-05-16
ART OF FIGHTING 2 / SNK NEOGEO AES / Version américaine / Assez bon état;https://www.ebay.fr/itm/336575666345;€340;2026-05-14
NEOGEO AES - Ryuko no Ken 2 (Art of Fighting 2) - JAP VERSION - 100% Original P;https://www.ebay.fr/itm/287230303507;€167;2026-05-08
Art of Fighting 2 Jap (Ryuuko no Ken 2) complet pour console Neo Geo AES;https://www.ebay.fr/itm/306905273392;€123;2026-05-07
"Art Of Fighting 2 JAP IMPORT ""Brand New Sealed"" (Neo Geo AES)";https://www.ebay.fr/itm/277934378030;€500;2026-05-07
NEOGEO NEO GEO AES art of fighting 2 Sans Boite version japonaise;https://www.ebay.fr/itm/306901830714;€92;2026-05-02
neo geo aes ART OF FIGHTING 2 jap complet;https://www.ebay.fr/itm/227316095208;€125;
₪ PAS DE JEU ₪ Notice de Neo Geo AES - Art of Fighting Ryuko no Ken 2;https://www.ebay.fr/itm/226021912925;€45;
Jeu SNK neo geo AES art of fighting 2 complet;https://www.ebay.fr/itm/206232434071;€95;
Art of Fighting 2 Jap pour console Neo Geo AES SNK;https://www.ebay.fr/itm/306900084601;€50;
Art of Fighting 2 - Ryuuko no Ken 2 Art of Fighting / Neo Geo AES / NTSC JAP;https://www.ebay.fr/itm/277918175843;€95;
RYUKO NO KEN 2 COMPLET SNK NEO GEO AES NTSC JAP Art of Fighting 2 - Bon État;https://www.ebay.fr/itm/168329439970;€75;
Art of Fighting 2 Neo Geo AES JAP Fonctionnement Confirmé;https://www.ebay.fr/itm/318171094570;€90;
Art of Fighting 2 Neo Geo AES JAP Fonctionnement Confirmé;https://www.ebay.fr/itm/318171091896;€90;
SNK Neo Geo art of fighting 2 Neogeo AES Working;https://www.ebay.fr/itm/316224869818;€99;
Art Of Fighting 2 Neo Geo AES Jap;https://www.ebay.fr/itm/136150397573;€119;
Art Of Fighting 2 Aes;https://www.ebay.fr/itm/318188321796;€85;
Art of Fighting 2 Neo Geo AES JAP Fonctionnement Confirmé;https://www.ebay.fr/itm/318171143927;€80;
Art of Fighting 2 Neo Geo AES JAP Fonctionnement Confirmé;https://www.ebay.fr/itm/317352814890;€80;
Art of Fighting 2 Neo Geo AES JAP Fonctionnement Confirmé;https://www.ebay.fr/itm/318171132228;€80;
Art of Fighting 2 Neo Geo AES JAP Fonctionnement Confirmé;https://www.ebay.fr/itm/318184776958;€49;
Art of Fighting 2 Neo Geo AES JAP Fonctionnement Confirmé;https://www.ebay.fr/itm/318171105004;€80;
Art of Fighting 2 Neo Geo AES JAP Fonctionnement Confirmé;https://www.ebay.fr/itm/318171099608;€80;
Art of Fighting 2 Neo Geo AES JAP Fonctionnement Confirmé;https://www.ebay.fr/itm/318171146577;€80;
Art of Fighting 2 Neo Geo AES JAP Fonctionnement Confirmé;https://www.ebay.fr/itm/318182941711;€49;
Art of Fighting 2 Neo Geo AES JAP Fonctionnement Confirmé;https://www.ebay.fr/itm/318182922223;€49;
Art of Fighting 2 Neo Geo AES JAP Complet Original SNK Neogeo;https://www.ebay.fr/itm/267636957069;€73;
Art of Fighting 2 Neo Geo AES JAP Fonctionnement Confirmé;https://www.ebay.fr/itm/318171149091;€75;
SNK NEO GEO AES Art of Fighting 2 - FF Special - World Heroes 2 Jet - KOF 94;https://www.ebay.fr/itm/406694169352;€420;
Art of Fighting 2 Neo Geo AES JAP Fonctionnement Confirmé;https://www.ebay.fr/itm/317352677792;€75;
Art of Fighting 2 Neo Geo AES JAP Fonctionnement Confirmé;https://www.ebay.fr/itm/318028549071;€75;
Art of Fighting 2 Jap AOF 2 - Neo Geo AES SNK - Complet;https://www.ebay.fr/itm/236687781234;€64;2026-03-14
ART OF FIGHTING 2 SNK NEO GEO NEOGEO AES BOXED JAPAN 1994 *AS PHOTO NO MANUAL;https://www.ebay.fr/itm/800005106915;€140;2026-05-28
Art of Fighting 2 Ryuko No Ken Neo Geo Aes SNK JP 1994 Complete With Manual VGC;https://www.ebay.fr/itm/397908030912;€146;2026-05-28
Art of Fighting 2 NEO GEO JP GAME. 9000025415606;https://www.ebay.fr/itm/318347026834;€155;2026-05-28
Art Of Fighting 1 2 Set Neo Geo AES ROM Ryuko No Ken;https://www.ebay.fr/itm/187077974224;€316;
NEO GEO AES ART OF FIGHTING2 US VERSION;https://www.ebay.fr/itm/317208713343;€190;
THE KING OF FIGHTERS 95 AES Neo Geo Fighting Game Fatal Fury ART OF FIGHTING SNK;https://www.ebay.fr/itm/125977020099;€448;2026-05-25
Neo Geo AES Art of Fighting 2 / Ryuko no Ken 2 ROM Cartridge only SNK Tested;https://www.ebay.fr/itm/255893590481;€135;2026-05-24
Art of Fighting 2 NEO GEO JP GAME. 9000025423755;https://www.ebay.fr/itm/406931929288;€119;2026-05-22
ART OF FIGHTING 2 SNK NEO GEO NEOGEO AES BOXED JAPAN 1994;https://www.ebay.fr/itm/397944256262;€190;2026-05-22
Neo Geo AES SNK ART OF FIGHTING 2 Neogeo;https://www.ebay.fr/itm/358579097175;€315;2026-05-21
SNK NEOGEO English USA Euro AES home cartridge Art of Fighting 2;https://www.ebay.fr/itm/257516780277;€231;2026-05-21
SNK Neo Geo AES ART OF FIGHTING 2 Neogeo;https://www.ebay.fr/itm/389693706465;€168;2026-05-20
Art of Fighting 2 NEO GEO JP GAME. 9000025415606;https://www.ebay.fr/itm/336581319004;€112;2026-05-18
Neo Geo AES - Art Of Fighting 2 With Manual;https://www.ebay.fr/itm/306928824624;€125;2026-05-18
Neo Geo AES Art of Fighting 2 / Ryuko no Ken 2 ROM Cartridge Tested from JAPAN;https://www.ebay.fr/itm/255992248636;€177;2026-05-17
Art of Fighting 2 NEO GEO JP GAME. 9000025394710;https://www.ebay.fr/itm/406918571870;€136;2026-05-16
Art Of Fighting 2 - Neo Geo AES - NTSC-J - Japan - CIB - Komplett - Top Zustand;https://www.ebay.fr/itm/327160023406;€200;2026-05-16
SNK Neo Geo AES Art Of Fighting 2 II;https://www.ebay.fr/itm/235819267165;€127;2026-05-06
SNK Neo Geo AES - Art of Fighting 2 NTSC-J;https://www.ebay.fr/itm/267669546808;€200;2026-05-14
SNK Neo Geo AES Art Of Fighting 2 II chariot de jeu vidéo Japon JP;https://www.ebay.fr/itm/175632511924;€155;2026-05-13
ART OF FIGHTING 2 NEO GEO AES FREE SHIPPING SNK neogeo JAPAN Game Ref 1201;https://www.ebay.fr/itm/366403526197;€232;2026-05-12
Ryuuko no Ken 2 / Art of Fighting 2 Neo Geo AES JAPAN complet dans sa boîte d'origine CIB boxed;https://www.ebay.fr/itm/225989890579;€180;2026-05-12
SNK Neo Geo AES Art Of Fighting 2 II chariot de jeu vidéo Japon JP;https://www.ebay.fr/itm/306928373358;€101;2026-05-11
ART OF FIGHTING 2 SNK NEO GEO NEOGEO AES BOXED RARE JAPAN 1994 *AS PHOTO;https://www.ebay.fr/itm/397926274087;€160;2026-05-10
ART OF FIGHTING 2 Ryuko no Ken Neogeo AES SNK w/ Box , Manual : import Japan;https://www.ebay.fr/itm/403102159092;€195;
Neo Geo AES Art of Fighting 2 *w/Manual*Tested*US Version*F/S*;https://www.ebay.fr/itm/358531199116;€263;2026-05-09
Art of Fighting 2 Ryuko No Ken SNK NEO GEO AES ORIGINAL works fine import Japan;https://www.ebay.fr/itm/377167715833;€95;2026-05-07
## Neo Geo AES - Art of Fighting 2 (JAPON / JPN / JP) ##;https://www.ebay.fr/itm/325433031071;€100;2026-05-08
Neo Geo AES SNK ART OF FIGHTING 2 Neogeo;https://www.ebay.fr/itm/358530860150;€252;2026-05-08
ART OF FIGHTING 2 Ryuko no Ken AES SNK Neogeo Box From Japan;https://www.ebay.fr/itm/293987456037;€117;2026-05-06
ART OF FIGHTING 2 SNK NEO GEO NEOGEO AES BOXED RARE JAPAN 1994;https://www.ebay.fr/itm/389983844963;€100;2026-05-06
Art Of Fighting 2 (JP Neo Geo AES, 1994);https://www.ebay.fr/itm/406906512124;€103;2026-05-05
SNK Neo Geo AES - Art of Fighting 2 Ryuuko no Ken 2 龍虎の拳2 NTSC-J;https://www.ebay.fr/itm/267658841882;€150;2026-05-04
Jeu Neo Geo AES - Art of Fighting 2 / 178 Megs JAP avec boite d'origine;https://www.ebay.fr/itm/297641419394;€140;2026-05-03
Art of Fighting 2 pour japonais SNK Neo Geo AES (NTSC-J);https://www.ebay.fr/itm/198302156714;€93;2026-05-02
ART OF FIGHTING 2 RYUKO NO KEN 2 Neo Geo AES Neogeo JAP SNK;https://www.ebay.fr/itm/177631904344;€65;2026-05-01
ART OF FIGHTING 2 soft box Neo Geo AES / MVS neogeo;https://www.ebay.fr/itm/323937649377;€36;2026-05-01
ART OF FIGHTING 2 USA Version, Neo Geo AES Game NEOGEO, SNK 1994, MADE IN JAPAN;https://www.ebay.fr/itm/406895354310;€187;
Art of Fighting 2 - 龍虎拳 2 - Neo Geo NGH AES - SNK - 1994 Neogeo - Complete;https://www.ebay.fr/itm/125558697485;€95;
✹ ART OF FIGHTING II 2 USA Version ✹ Neo Geo AES Game NEOGEO ✹ No Manual;https://www.ebay.fr/itm/137232197252;€177;
Art of Fighting 2 Ryuko no Ken SNK Neo Geo AES JP CIB with Manual;https://www.ebay.fr/itm/318046634357;€135;
Jeu Art of Fighting 2 JAP complet en boite pour SNK Neo Geo AES;https://www.ebay.fr/itm/277133290318;€124;
Art of Fighting 2 Ryuko No Ken Neo Geo Aes SNK JP 1994 Complete With Manual VGC;https://www.ebay.fr/itm/396618841633;€147;
Neo Geo AES - Art of Fighting 2 - 178 Megs (JAP) (avec boite d'origine) (très bon état);https://www.ebay.fr/itm/297641470116;€150;
SNK Neo Geo AES Select variation ROM cartridge Tested Working Japanese version;https://www.ebay.fr/itm/146677362226;€77;
Art of Fighting 2 NEO GEO JP GAME. 9000025335324;https://www.ebay.fr/itm/336549451994;€172;
Art of Fighting Neo Geo AES JAP Fonctionnement confirmé;https://www.ebay.fr/itm/318338257433;€199;2026-05-22
Ryuuko no Ken Art of Fighting SNK NEO GEO AES NTSC Japan;https://www.ebay.fr/itm/257507621066;€265;2026-05-17
Art of Fighting 2 Jap (Ryuko no ken 2) Neo Geo - Sealed - New;https://www.ebay.fr/itm/335362763659;€130;
Art Of Fighting 3 NEO GEO AES Jap Reg Card;https://www.ebay.fr/itm/147302439802;€79;2026-05-23
neo geo mvs art of fighting 2 kit;https://www.ebay.fr/itm/326881096931;€129;2026-05-30
Jeu SNK neo geo AES art of fighting complet;https://www.ebay.fr/itm/206232434486;€160;
ART OF FIGHTING 3 Neo Geo AES Original;https://www.ebay.fr/itm/227318986371;€990;
Art Of Fighting Neo Geo CD Collector;https://www.ebay.fr/itm/317219737793;€89;
Art Of Fighting Neo Geo AES Jap;https://www.ebay.fr/itm/136150385348;€199;
2 Jeux SNK NEO GEO AES The King Of Fighters 94 Fatal Fury Special CIB;https://www.ebay.fr/itm/257527489572;€285;2026-05-26
neo geo mvs art of fighting kit;https://www.ebay.fr/itm/326881096141;€99;
THE KING OF FIGHTERS 98 (KOF 98) NEO-GEO AES JAPAN (COMPLETE WITH REG CARD - ART;https://www.ebay.fr/itm/287317849002;€560;2026-05-08
NEO GEO: ART OF FIGHTING 2 SNK JAPAN;https://www.ebay.fr/itm/262925855324;€100;
art of fighting 2 Neo Geo VERSION JAP;https://www.ebay.fr/itm/335614157278;€150;
SNK Neo Geo AES JAP - Art of Fighting 3 (Ryuuko no Ken 3);https://www.ebay.fr/itm/317841420592;€1 150;2026-05-07
Art of Fighting 2 Neo geo CD SNK Jap * TBE * spincard import japon snk neogeo;https://www.ebay.fr/itm/137296078145;€30;2026-05-16
Art of Fighting 2 SNK Neo Geo CD JAP Japan;https://www.ebay.fr/itm/157710769873;€20;2026-05-15
King of the Monster 2 Jap - Neo Geo AES SNK - Original;https://www.ebay.fr/itm/236754597678;€276;
Neo-Geo CD Repros | Jeux au choix | SNK Neo Geo CD Neogeo CDZ Metal Slug KOF;https://www.ebay.fr/itm/206013988597;€19;2026-07-07
Jeu Neo Geo AES Art of Fighting JAP;https://www.ebay.fr/itm/168392298074;€114;2026-05-28
Jeux Neo geo AES - Metal slug , garou mark of the wolf + 150 titles;https://www.ebay.fr/itm/236815968661;€1;2026-05-14
NEO GEO CD - ART OF FIGHTING GAIDEN - BOX COLLECTION - ntsc jap -;https://www.ebay.fr/itm/285585314916;€87;2026-05-06
SEGA Dreamcast Art of Fighting 3 SNK neo4all neo geo;https://www.ebay.fr/itm/275155186380;€11;2026-05-15
art of fighting keychain set neo geo aes mvs;https://www.ebay.fr/itm/327163709963;€4;2026-05-24
THE PATH OF THE WARRIORS - ART OF FIGHTING 3 - Slot Jamma MVS SnK Neo Geo Arcade;https://www.ebay.fr/itm/296938896222;€360;2026-03-24
SPECIAL BUNDLE AES - PSP - VITA - DS - Neo Geo Jap;https://www.ebay.fr/itm/318048325782;€428;2026-03-26
King of the Monsters 2 - Neo Geo AES - NTSC-J JAP SNK * COMPLET ORIGINAL *;https://www.ebay.fr/itm/366302311872;€449;2026-05-12
Lot 2 jeux WORLD HEROES PERFECT + KING OF FIGHTERS 2000 Neo Geo AES Jap Original;https://www.ebay.fr/itm/318198288065;€1 050;
Art Of fighting 3 Neogeo Néo Geo Aes Jap;https://www.ebay.fr/itm/267558983563;€999;2026-03-04
Jaquette Insert AES King of Fighters 97 (KOF 97) Neo Geo SNK d'origine n°2;https://www.ebay.fr/itm/256686753631;€19;2026-05-13
©SNK 1994 Neo Geo AES Cartridge THE KING OF FIGHTER 94 jap. Arcade 2D Beat'em Up;https://www.ebay.fr/itm/157477298486;€250;2026-05-01
> ART OF FIGHTING 1 I NEO GEO AES RARE ORIGINAL JAPAN HANDBILL FLYER CHIRASHI! <;https://www.ebay.fr/itm/221762476091;€50;2026-05-17
Art of Fighting Neo Geo AES JAP Fonctionnement confirmé;https://www.ebay.fr/itm/318344262783;€169;2026-05-22
Art of Fighting Neo Geo AES JAP Fonctionnement confirmé;https://www.ebay.fr/itm/318369570511;€199;2026-06-03
Art of Fighting 2 (Japanese Version) NEO GEO AES;https://www.ebay.fr/itm/267685373953;€159;2026-06-07
☆☆☆ Neo Geo AES NTSC-J ☆☆☆ Ryuuko no Ken 2 ☆ Art of Fighting 2 ☆☆☆;https://www.ebay.fr/itm/278030532185;€220;2026-06-08
ART OF FIGHTING 2 NEO GEO AES;https://www.ebay.fr/itm/800140045624;€661;2026-06-08
Jeu complet Art of Fighting 2 Jap pour console Neo Geo AES SNK;https://www.ebay.fr/itm/306962236055;€169;2026-06-10
SNK NEOGEO NEO GEO AES Art of FIghting 2 complet version japonaise;https://www.ebay.fr/itm/227369398172;€161;2026-06-09
Art of Fighting 2 Neo Geo AES Japon en boite complète;https://www.ebay.fr/itm/188454093111;€119;2026-06-09
Art of Fighting 2 Neo Geo AES Ryuuko no Ken 2 SNK Japan Retro Game Authentic CIB;https://www.ebay.fr/itm/235653790515;€105;2026-02-28
Ryuuko no Ken Art of Fighting SNK NEO GEO AES NTSC Japan;https://www.ebay.fr/itm/267691501632;€299;2026-06-09
ART OF FIGHTING 3 Neo Geo AES Original;https://www.ebay.fr/itm/188470808147;€1 030;2026-06-09
ART OF FIGHTING NEO GEO MVS;https://www.ebay.fr/itm/178045160090;€80;2026-06-10
NEOGEO Arcade 2 Evercade 19 [6 Neo Geo Games, Metal Slug, Garou, Art of Fighting;https://www.ebay.fr/itm/318440947983;€55;2026-06-11
Art of Fighting 2 Neo Geo AES JAP Fonctionnement Confirmé;https://www.ebay.fr/itm/318380235045;€169;2026-06-12
SNK NEOGEO NEO GEO AES art of fighting 2 complet version japonaise;https://www.ebay.fr/itm/306986461093;€150;2026-06-13
Notice Neo Geo AES Jap Art Of Fighting 2 Ryuko No Ken2;https://www.ebay.fr/itm/257548070009;€18;2026-06-13
ART OF FIGHTING 2 SNK NEO GEO NEOGEO AES BOXED RARE JAPAN 1994 *AS PHOTO;https://www.ebay.fr/itm/236873627347;€200;2026-06-14
Art Of Fighting 2 - Neo Geo - AES - Version US - CIB - Complet;https://www.ebay.fr/itm/327216202217;€300;2026-06-16
ART OF FIGHTING 2 USA Version Neo Geo AES Game NEOGEO SNK 1994 MADE IN JAPAN;https://www.ebay.fr/itm/227385538517;€262;2026-06-15
Art of Fighting 2 - Pour console système domestique Neo Geo AES PAS DE MANUEL - Vendeur UK;https://www.ebay.fr/itm/178186855025;€236;2026-06-15
Art of Fighting 2 Ryuuko No Ken NEOGEO SNK AES Japan ROM Tested;https://www.ebay.fr/itm/236873034197;€188;2026-06-20
Art Of Fighting 2 JP SNK Neo Geo AES 1994 Japanese Version;https://www.ebay.fr/itm/227385556432;€168;2026-06-19
Art of Fighting 2 - Ryuko No Ken - SNK Neo Geo AES - 1994 - Complete - Mint;https://www.ebay.fr/itm/116638772601;€147;2026-06-18
Art of Fighting 2 Ryuko no Ken 2 NeoGeo Aes NG SNK Used Japan 1994 Boxed F/S;https://www.ebay.fr/itm/164146543385;€105;
Neo Geo AES - World Heroes 2 - 146 Megs JAP avec boite d'origine très bon état;https://www.ebay.fr/itm/306519833834;€190;2026-05-12
neo geo aes lot d'inserts samurai spirits 2 king of fighters 97;https://www.ebay.fr/itm/327213350147;€28;2026-06-21
SNK Neo Geo CD CDZ Ryuuko No Ken 2 Art Of Fighting 2 cover and case replacement;https://www.ebay.fr/itm/276055107630;€11;2026-01-04
SNK Neo Geo CD CDZ Ryuuko No Ken Art Of Fighting cover and case replacement;https://www.ebay.fr/itm/275894593127;€11;2026-01-30
Double Dragon (boss playable) , Game NEO GEO AES JAP *Convert*;https://www.ebay.fr/itm/167815680438;€165;2026-02-01
SNK Neo Geo CD CDZ Ryuuko No Ken 3 Art Of Fighting 3 cover and case replacement;https://www.ebay.fr/itm/276055106127;€11;2026-01-04
Ryuuko no Ken 2 Art of Fighting SNK NEO GEO AES NTSC Japan;https://www.ebay.fr/itm/227388197067;€119;2026-06-25
Art of Fighting 2 Neo Geo AES JAP Fonctionnement Confirmé;https://www.ebay.fr/itm/318485987551;€169;2026-06-25
Art Of Fighting 2 Ryuuko no Ken 2 SNK Neo Geo AES Version Japonaise Japan;https://www.ebay.fr/itm/257586118789;€120;2026-06-25
Art of Fighting 2 NEO GEO JP GAME. 9000025762397;https://www.ebay.fr/itm/336652664708;€117;2026-06-28
art of fighting 2 aes;https://www.ebay.fr/itm/178288473973;€99;2026-07-07
ART OF FIGHTING 2 NEO GEO AES JAPAN BOX USED ORIGINAL;https://www.ebay.fr/itm/326033683640;€110;
☆☆☆ Neo Geo AES NTSC-J ☆☆☆ Ryuuko no Ken 2 ☆ Art of Fighting 2 ☆☆☆;https://www.ebay.fr/itm/278072268205;€220;2026-07-06
ART OF FIGHTING 2 Neo Geo CD 1578 nc;https://www.ebay.fr/itm/304398214063;€37;2026-07-01
Art of Fighting 2 Neo geo CD SNK Jap spincard import japon snk neogeo ①;https://www.ebay.fr/itm/137378796999;€24;2026-07-05
Art of Fighting 2 Neo Geo AES JAP;https://www.ebay.fr/itm/147372053833;€150;2026-07-12
Art of Fighting 2 Neo Geo AES Cartridge Japanese Version Used;https://www.ebay.fr/itm/377277235176;€146;2026-07-10
ART OF FIGHTING 2 RYUUKO NO KEN 2 AES NEO GEO JAPAN ALL ORIGINAL GENUINE 92904;https://www.ebay.fr/itm/278169763267;€100;2026-07-09
Art of Fighting 1 & 2 Set – Neo Geo AES – Japan – Original CIB – getestet;https://www.ebay.fr/itm/147425046946;€300;2026-07-09
Art of Fighting Neo Geo AES JAP Fonctionnement confirmé;https://www.ebay.fr/itm/318564058011;€199;2026-07-12
Neo Geo AES Art of Fighting 2 / Ryuko no Ken 2 Cartridge only SNK Japan;https://www.ebay.fr/itm/127907206044;€126;2026-07-13
