Titre;URL;Prix;Statut;Created
1995年発行『THE ART OF SNK WORLD II 画集VOL.2』;https://jp.mercari.com/item/m33181528252;¥9,000;SOLD_OUT;2026-05-31 13:59 UTC
SNK NEOGEO ネオジオ 龍虎の拳 2 Art of Fighting 2;https://jp.mercari.com/item/m65750345222;¥29,900;ON_SALE;2026-05-31 13:18 UTC
龍虎の拳2 ネオジオ　取説ありneo-geo;https://jp.mercari.com/item/m94614505837;¥14,800;SOLD_OUT;2026-05-31 08:36 UTC
SNK NEOGEO AES 本体 ソフト3本セット;https://jp.mercari.com/item/m18295959484;¥298,000;ON_SALE;2026-05-27 12:11 UTC
NEOGEO 龍虎の拳2 ロムカセット SNK;https://jp.mercari.com/item/m31237405159;¥12,800;SOLD_OUT;2026-05-31 01:51 UTC
ネオジオ ROMカセット まとめ売り 4本セット;https://jp.mercari.com/item/m86436018245;¥35,999;ON_SALE;2026-05-22 14:34 UTC
ネオジオ アーケード2 NeoGeo Arcade 2 Evercade;https://jp.mercari.com/item/m39547217385;¥6,280;SOLD_OUT;2026-05-27 14:23 UTC
ネオジオ 龍虎の拳2 動作未確認;https://jp.mercari.com/item/m77812990238;¥15,500;SOLD_OUT;2026-05-29 20:04 UTC
PS2 龍虎の拳 天地人 NEOGEOオンラインコレクション;https://jp.mercari.com/item/m71894924268;¥1,500;SOLD_OUT;2026-05-29 03:30 UTC
龍虎の拳2 ネオジオ NEOGEO 動作確認済 ロム カセット SNK;https://jp.mercari.com/item/m95063929878;¥13,700;ON_SALE;2026-05-28 18:23 UTC
ネオジオROMソフト 龍虎の拳2 SNK 箱説付き NEOGEO;https://jp.mercari.com/item/m47006029923;¥14,500;SOLD_OUT;2026-05-28 15:09 UTC
ネオジオ ロムカセット 龍虎の拳2 NEO GEO ROM;https://jp.mercari.com/item/m79484698488;¥16,800;ON_SALE;2026-05-18 14:21 UTC
NeoGeo 龍虎の拳2 ソフト ネオジオＲＯＭカセット;https://jp.mercari.com/item/m29870426460;¥21,800;SOLD_OUT;2026-05-28 12:55 UTC
マ*ル様 NEOGEO データファイルカード　SNK 餓狼伝説　龍虎の拳２　セッ;https://jp.mercari.com/item/m32044787950;¥400;SOLD_OUT;2025-04-28 11:22 UTC
【中古】ネオジオCDソフト 龍虎の拳2(CD-ROM);https://jp.mercari.com/item/Bv3thUshAtChUJN7XuPCu5;¥1,985;ON_SALE;2025-05-26 06:04 UTC
【動作確認済み】龍虎の拳2 NEO GEO ソフト　ネオジオ;https://jp.mercari.com/item/m74238144148;¥13,900;SOLD_OUT;2026-05-25 14:39 UTC
龍虎の拳2 テクニカル・マニュアル ネオ・ジオ完全攻略シリーズ　*攻略本;https://jp.mercari.com/item/m89747009869;¥1,900;ON_SALE;2025-05-10 21:04 UTC
「激安」ART OF FIGGTING 龍虎の拳 外伝 ネオジオ　ロム　ROM;https://jp.mercari.com/item/m64946974768;¥298,000;ON_SALE;2026-05-26 14:16 UTC
ネオジオCD ソフト 龍虎の拳2 動作確認済み NEOGEO;https://jp.mercari.com/item/m63881826144;¥1,999;SOLD_OUT;2026-05-27 07:54 UTC
NEOGEO 龍虎の拳2 SNKネオジオロム;https://jp.mercari.com/item/m26513396520;¥21,000;ON_SALE;2026-05-27 06:33 UTC
ネオジオ 龍虎の拳2;https://jp.mercari.com/item/m91881061175;¥36,500;ON_SALE;2026-05-26 16:27 UTC
NEOGEO 龍虎の拳2 SNK ソフト 本体;https://jp.mercari.com/item/m53659491196;¥7,500;SOLD_OUT;2026-05-25 23:50 UTC
NEOGEO 龍虎の拳2 SNKネオジオロム;https://jp.mercari.com/item/m41567798760;¥21,000;SOLD_OUT;2026-05-25 11:09 UTC
龍虎の拳2 SNK NEO GEO CD　Ryuko's Fist 2;https://jp.mercari.com/item/m96996750349;¥3,780;SOLD_OUT;2026-05-12 08:03 UTC
ネオジオ 龍虎の拳2カセットのみ;https://jp.mercari.com/item/m90363459244;¥10,300;ON_SALE;2026-05-11 01:02 UTC
美品　SNK画集VOL.1.2セット;https://jp.mercari.com/item/m40484839292;¥18,000;SOLD_OUT;2026-05-24 15:48 UTC
龍虎の拳2　新世界楽曲雑技団　 NEO GEO;https://jp.mercari.com/item/m48802705218;¥1,580;ON_SALE;2025-07-26 05:46 UTC
龍虎の拳2 ネオジオ　neogeo ロム　カセット　外箱はないです;https://jp.mercari.com/item/m62531121681;¥15,200;ON_SALE;2026-05-23 23:52 UTC
龍虎の拳2 ネオジオソフト SNK;https://jp.mercari.com/item/m39279157843;¥15,000;SOLD_OUT;2026-05-23 09:41 UTC
【龍虎の拳2 NEOGEOデータファイルカード】;https://jp.mercari.com/item/m90835269750;¥700;ON_SALE;2026-04-14 06:12 UTC
【新品】【限定レコード２枚組】龍虎の拳2　サウンドトラック　ART OF FIGHTING II Soundtrack　SNK　ネオジオ　NEO GEO　新世界楽曲雑技団　4589753350281 餓狼伝説;https://jp.mercari.com/item/2JRarErQW5usmR3tkpdNBo;¥4,840;ON_SALE;2026-05-23 05:52 UTC
メル67970様 リクエスト 2点 まとめ商品;https://jp.mercari.com/item/m49571209922;¥26,000;SOLD_OUT;2026-05-22 21:47 UTC
龍虎の拳2　NEOGEO　CD;https://jp.mercari.com/item/m63269107089;¥3,499;ON_SALE;2026-05-22 16:08 UTC
ザ・キングオブファイターズ94 NEOGEO　CD;https://jp.mercari.com/item/m21121312881;¥1,999;ON_SALE;2026-05-22 14:45 UTC
ネオジオ ロム 龍虎の拳2 NEO GEO ROM;https://jp.mercari.com/item/m17530818642;¥8,499;SOLD_OUT;2026-05-22 14:21 UTC
メル67970様 リクエスト 2点 まとめ商品;https://jp.mercari.com/item/m26636511828;¥35,000;SOLD_OUT;2026-05-22 01:01 UTC
ネオジオ本体 コントローラー2個 ソフト5本 動作確認済み;https://jp.mercari.com/item/m51860924222;¥230,000;SOLD_OUT;2026-05-21 09:32 UTC
NEOGEO 龍虎の拳2 ネオジオロム SNK;https://jp.mercari.com/item/m94615641512;¥20,000;SOLD_OUT;2026-05-14 05:52 UTC
ヨ*ー様 要説明確認 SNK NEOGEO ネオジオ 本体 一式 動作可能;https://jp.mercari.com/item/m13387377040;¥50,100;SOLD_OUT;2026-05-17 10:43 UTC
龍虎の拳2 ネオジオソフト SNK;https://jp.mercari.com/item/m22062422754;¥11,111;SOLD_OUT;2026-05-16 07:38 UTC
SNK NEOGEO 本体とソフト10本;https://jp.mercari.com/item/m79057460015;¥420,000;ON_SALE;2026-05-16 10:56 UTC
龍虎の拳2 SNK 格闘ゲーム;https://jp.mercari.com/item/m60096278322;¥15,000;SOLD_OUT;2026-05-16 09:10 UTC
「激安」龍虎の拳2 ネオジオ　ロム;https://jp.mercari.com/item/m75220100647;¥9,800;ON_SALE;2026-05-16 05:30 UTC
【動作確認済み】龍虎の拳2 NEO GEO ソフト　ネオジオ;https://jp.mercari.com/item/m47109257789;¥15,800;SOLD_OUT;2026-05-15 14:37 UTC
龍虎の拳2【箱説あり/ネオジオAES/中古品/起動確認済み!】;https://jp.mercari.com/item/m10095677125;¥15,800;SOLD_OUT;2026-05-15 13:20 UTC
ネオジオ アーケード2 NeoGeo Arcade 2 Evercade;https://jp.mercari.com/item/m37889663637;¥6,300;SOLD_OUT;2026-05-15 11:15 UTC
ネオジオ ＲＯＭ カセット 龍虎の拳2 ソフト;https://jp.mercari.com/item/m77916907406;¥21,800;SOLD_OUT;2026-05-12 14:21 UTC
ネオジオ ロム 龍虎の拳2 NEO GEO ROM;https://jp.mercari.com/item/m62734132907;¥8,800;SOLD_OUT;2026-05-09 10:47 UTC
王*歌様 龍虎の拳2 NEO-GEO CD;https://jp.mercari.com/item/m50190817431;¥4,100;SOLD_OUT;2026-04-21 00:35 UTC
m*d様 龍虎の拳2 NEOGEO(中古品);https://jp.mercari.com/item/m11626472897;¥9,100;SOLD_OUT;2025-02-19 06:22 UTC
龍虎の拳2 NEOGEO ネオジオソフト SNK;https://jp.mercari.com/item/m29113381955;¥15,500;SOLD_OUT;2026-05-07 14:15 UTC
ネオジオロム 餓狼伝説2、スペシャル、サムライスピリッツ、龍虎の拳2セット正規品;https://jp.mercari.com/item/m65370484881;¥59,800;SOLD_OUT;2026-05-09 13:39 UTC
Switch アケアカ NEOGEO セレクション Vol.8;https://jp.mercari.com/item/m91545268803;¥4,980;SOLD_OUT;2026-05-09 13:13 UTC
【ネオジオ】サントラCD3枚セット餓狼伝説SP/KOF95/龍虎2/真サム欠品有;https://jp.mercari.com/item/m24301566829;¥2,777;SOLD_OUT;2026-04-10 13:31 UTC
龍虎の拳2 NEOGEO ROM;https://jp.mercari.com/item/m25710827877;¥11,800;SOLD_OUT;2026-05-09 05:38 UTC
SNKのネオジオのチラシ「ネオジオ ゲームソフト カタログ Vol.6」 美品;https://jp.mercari.com/item/m40542726483;¥2,000;SOLD_OUT;2026-03-22 11:50 UTC
龍虎の拳2 NEO GEO ROM;https://jp.mercari.com/item/m34234554504;¥10,000;SOLD_OUT;2026-05-09 03:23 UTC
中古　龍虎の拳2 ワールドヒーローズ2JET NEO GEO CD セット;https://jp.mercari.com/item/m89589086494;¥4,200;SOLD_OUT;2026-05-08 23:46 UTC
ネオジオロム 餓狼伝説SPECIAL & 龍虎の拳2 セット 国内正規品;https://jp.mercari.com/item/m17227668456;¥29,800;SOLD_OUT;2026-05-08 09:23 UTC
NEO-GEOロム+ソフト2個+コントローラー2個+ジョイスティック 動作確認済;https://jp.mercari.com/item/m80169023019;¥86,600;SOLD_OUT;2026-05-06 08:12 UTC
ネオジオ ロム 龍虎の拳2 NEO GEO ROM;https://jp.mercari.com/item/m77433183208;¥10,800;SOLD_OUT;2026-05-06 09:20 UTC
龍虎の拳2 NEOGEO ネオジオソフト SNK;https://jp.mercari.com/item/m28833964791;¥15,000;SOLD_OUT;2026-05-06 06:04 UTC
ネオジオ ロム 龍虎の拳2 NEO GEO ROM;https://jp.mercari.com/item/m50231164401;¥13,800;SOLD_OUT;2026-05-05 10:48 UTC
【即購入ok】龍虎の拳2 ネオジオROMソフト;https://jp.mercari.com/item/m57969068361;¥8,000;SOLD_OUT;2026-05-05 09:41 UTC
ペ*吉様 【NEOGEO】龍虎の拳2 SNK ROM未使用級 箱ダメージあり;https://jp.mercari.com/item/m16341279470;¥7,700;SOLD_OUT;2026-05-05 04:19 UTC
【中古】ゲームミュージックCD ネオセレクション NEO・GEO格闘技BEST;https://jp.mercari.com/item/nrspLKta6kEm8iuFYNUuvb;¥1,000;ON_SALE;2025-10-13 19:17 UTC
龍虎の拳2 NEO GEO SNK ネオジオ ROM カードリッジ ソフト;https://jp.mercari.com/item/m21430850339;¥16,500;SOLD_OUT;2026-05-05 04:07 UTC
ネオジオ ロムカセット 龍虎の拳2 NEO GEO ROM;https://jp.mercari.com/item/m26007184592;¥13,800;SOLD_OUT;2026-05-05 01:07 UTC
値下げしました。Nintendo トランプセット　ネオジオ龍虎の拳箱付即決任天堂;https://jp.mercari.com/item/m40054377376;¥38,800;SOLD_OUT;2026-02-05 14:53 UTC
龍虎の拳 龍虎の拳2 2本セット NEO GEO;https://jp.mercari.com/item/m66594332548;¥33,000;SOLD_OUT;2026-05-04 12:32 UTC
龍虎の拳2 ネオジオ;https://jp.mercari.com/item/m34010963312;¥15,000;SOLD_OUT;2026-05-04 12:29 UTC
龍虎の拳2 SNK NEOGEO ネオジオソフト;https://jp.mercari.com/item/m86776649538;¥6,500;SOLD_OUT;2026-05-04 08:04 UTC
「激安」龍虎の拳2 ネオジオ;https://jp.mercari.com/item/m50503643372;¥16,800;SOLD_OUT;2026-05-03 16:20 UTC
龍虎の拳2　(オリジナル&アレンジ)サウンドトラックCD2枚組;https://jp.mercari.com/item/m45049810666;¥4,900;ON_SALE;2026-05-03 13:52 UTC
ネオジオ ロムカセット 龍虎の拳 龍虎の拳2 2本セット NEO GEO ROM;https://jp.mercari.com/item/m57038727844;¥35,800;SOLD_OUT;2026-05-03 12:36 UTC
龍虎の拳2 ネオジオソフト SNK;https://jp.mercari.com/item/m97592241279;¥15,555;SOLD_OUT;2026-05-02 22:04 UTC
ネオジオ ＲＯＭ カセット 龍虎の拳2;https://jp.mercari.com/item/m31750418305;¥7,500;SOLD_OUT;2026-05-03 09:14 UTC
NEO GEO 本体 コントローラー　ソフト;https://jp.mercari.com/item/m76477473292;¥60,000;SOLD_OUT;2026-05-03 08:14 UTC
龍虎の拳2 SNK ネオジオ用;https://jp.mercari.com/item/m40189129252;¥15,000;SOLD_OUT;2025-08-30 06:53 UTC
ネオジオ 龍虎の拳2 SNK ROMカセット;https://jp.mercari.com/item/m55030538484;¥14,800;SOLD_OUT;2026-05-01 16:01 UTC
「激安」龍虎の拳2 ネオジオCD;https://jp.mercari.com/item/m27102549488;¥3,280;ON_SALE;2024-06-05 17:35 UTC
「激安」龍虎の拳2 ネオジオ NEO-GEO ネオジオCD;https://jp.mercari.com/item/m41626128702;¥2,980;ON_SALE;2024-06-05 17:38 UTC
龍虎の拳2 ネオジオ　動作確認済みです　snk ネオジオ　neogeo 説明書;https://jp.mercari.com/item/m93285153330;¥18,000;SOLD_OUT;2026-05-01 03:02 UTC
龍虎の拳2 SNK NEO GEO ソフト　ネオジオロム;https://jp.mercari.com/item/m77392275177;¥14,800;SOLD_OUT;2026-04-30 16:32 UTC
ザ・キング・オブ・ファイターズ'98グラフィカルマニュアル;https://jp.mercari.com/item/m37608124446;¥2,480;SOLD_OUT;2026-04-29 02:22 UTC
＜ネオジオROMソフト＞　龍虎の拳2　17260428H02S;https://jp.mercari.com/item/m81610026249;¥5,500;SOLD_OUT;2026-04-28 04:58 UTC
SNK NEOGEO ネオジオ 龍虎の拳2;https://jp.mercari.com/item/m71443704538;¥11,900;SOLD_OUT;2026-04-27 12:58 UTC
SNK NEO GEO 龍虎の拳2 カセット ソフト レトロゲーム 動作未確認;https://jp.mercari.com/item/m79868373124;¥4,500;SOLD_OUT;2026-04-27 03:19 UTC
龍虎の拳2 ゲーメスト増刊;https://jp.mercari.com/item/m13813364446;¥790;SOLD_OUT;2026-04-26 12:25 UTC
★ NEOGEO ネオジオ CD 5枚セット ★;https://jp.mercari.com/item/m90437736493;¥4,980;SOLD_OUT;2026-04-26 11:29 UTC
ゲームランド　VOL.0 1994年3月号 ゲーム雑誌;https://jp.mercari.com/item/m90390223534;¥2,580;SOLD_OUT;2026-04-17 13:49 UTC
龍虎の拳 & 龍虎の拳2 セット　ネオジオ;https://jp.mercari.com/item/m22046374526;¥28,000;SOLD_OUT;2026-04-25 00:56 UTC
【起動確認あり】NEOGEO 龍虎の拳2 ROM SNK;https://jp.mercari.com/item/m22261907497;¥2,780;SOLD_OUT;2026-04-24 11:38 UTC
中古 動作確認済みSNK NEOGEO MAX330MEGA 本体 ソフト2本;https://jp.mercari.com/item/m36389366061;¥117,400;SOLD_OUT;2026-04-22 22:04 UTC
ネオジオ　龍虎の拳 2 ソフト　SNK　NEO GEO 　動作確認済;https://jp.mercari.com/item/m52738507002;¥7,337;SOLD_OUT;2025-04-01 09:45 UTC
NEO・GEO CD本体　箱あり　ソフト4本付き;https://jp.mercari.com/item/m49493394623;¥35,000;SOLD_OUT;2026-04-21 12:35 UTC
龍虎の拳2 NEO GEO ソフト;https://jp.mercari.com/item/m66568365118;¥1,500;SOLD_OUT;2026-04-21 10:09 UTC
SNK NEOGEOロム　龍虎の拳　龍虎の拳 2 セット;https://jp.mercari.com/item/m53243914234;¥22,000;SOLD_OUT;2026-04-21 04:05 UTC
unachan様 リクエスト 2点 まとめ商品;https://jp.mercari.com/item/m28726166908;¥19,800;SOLD_OUT;2026-04-20 05:10 UTC
ネオジオ ソフト 15本 + ALL ABOUT SNK対戦格闘ゲーム;https://jp.mercari.com/item/m41671661989;¥200,000;SOLD_OUT;2026-04-17 14:49 UTC
ネオジオ ロム 9本＋スイッチ 限定版1本 NEOGEO;https://jp.mercari.com/item/m80317421281;¥155,000;SOLD_OUT;2026-04-13 07:46 UTC
龍虎の拳2 ネオジオ NEOGEO SNK ROMカセット ロムカセット ROM;https://jp.mercari.com/item/m73636094011;¥5,600;SOLD_OUT;2026-04-13 11:08 UTC
NEOGEO mini 本体とコントローラー(白、黒)、HDMIケーブルセット;https://jp.mercari.com/item/m41208078192;¥16,500;SOLD_OUT;2025-11-29 08:49 UTC
龍虎の拳2 ネオジオ NEOGEO SNK ROMカセット ロムカセット ROM;https://jp.mercari.com/item/m46302826266;¥5,500;SOLD_OUT;2026-04-11 11:13 UTC
uniBIOS搭載NEOGEO用デバッグDIP表＆パッチメモリー集 ver.4;https://jp.mercari.com/item/m53625207627;¥2,990;SOLD_OUT;2026-04-11 01:11 UTC
uniBIOS搭載NEOGEO用 デバッグDIP表＆パッチメモリー集 ver.4;https://jp.mercari.com/item/m34775548073;¥2,990;SOLD_OUT;2026-04-11 01:10 UTC
【動作確認済】NEOGEO本体＋ソフト4本セット★HDMI変換付き★すぐ遊べる;https://jp.mercari.com/item/m36086970594;¥98,000;SOLD_OUT;2026-03-16 11:21 UTC
ネオジオ　本体 コントローラー2 ソフト2本 メモリーカード　セット　動作確認済;https://jp.mercari.com/item/m43657738652;¥108,180;ON_SALE;2026-04-09 22:32 UTC
龍虎の拳2 SNK ネオジオ ロム ソフト NEO GEO;https://jp.mercari.com/item/m36292062432;¥6,000;SOLD_OUT;2026-04-09 12:44 UTC
NEO-GEO 本体とコントローラー2台、ゲームソフト7本ミラクルアドベンチャー;https://jp.mercari.com/item/m90358684373;¥282,000;SOLD_OUT;2025-12-19 03:00 UTC
ネオジオ CD用ソフト 格闘ゲーム12本セット+オマケ3本 計15本 バラ売可;https://jp.mercari.com/item/m72128546437;¥30,600;SOLD_OUT;2025-05-25 17:11 UTC
龍虎の拳2 NEO GEO SNK;https://jp.mercari.com/item/m79629198966;¥7,000;SOLD_OUT;2026-03-19 06:19 UTC
NEO GEO 本体 + ゲームソフト3本セット;https://jp.mercari.com/item/m11665918818;¥68,000;SOLD_OUT;2026-04-06 03:15 UTC
龍虎の拳2 SNK ネオジオソフト;https://jp.mercari.com/item/m97816650619;¥6,000;SOLD_OUT;2026-02-28 06:17 UTC
THE ART OF SNK WORLD SNK画集 VOL.1 帯付　初版;https://jp.mercari.com/item/m43988948359;¥6,100;SOLD_OUT;2026-04-05 09:04 UTC
【カセット・説明書未使用】ネオジオ ROM 龍虎の拳2 抜き差しキズなし SNK;https://jp.mercari.com/item/m91974133611;¥10,800;SOLD_OUT;2026-03-18 15:36 UTC
激レア SNK ザ・キング・オブ・ファイターズ KOF 腕時計 ゲームグッズ;https://jp.mercari.com/item/m72468602304;¥580;SOLD_OUT;2026-02-28 17:32 UTC
uniBIOS搭載ネオジオ用 デバッグDIP表 パッチメモリー集 ver.3;https://jp.mercari.com/item/m55827010754;¥2,900;SOLD_OUT;2026-03-29 21:48 UTC
龍虎の拳2 NEO GEOソフト;https://jp.mercari.com/item/m80650911742;¥6,000;SOLD_OUT;2026-03-27 10:40 UTC
SNKのネオジオのチラシ「ネオジオ ゲームソフト カタログ Vol.5」 美品;https://jp.mercari.com/item/m14155340398;¥3,000;SOLD_OUT;2026-03-22 11:49 UTC
【動作確認済】NEOGEO ROM本体セット＋名作格闘ゲーム6本＋攻略本4冊;https://jp.mercari.com/item/m50768028561;¥95,000;SOLD_OUT;2026-03-24 12:44 UTC
帯付き】 龍虎の拳 ザ・キング・オブ・ファイターズ ’98;https://jp.mercari.com/item/m86514938128;¥13,500;SOLD_OUT;2026-03-16 14:57 UTC
ネオジオ　龍虎の拳2　ROM　カセット　中古品;https://jp.mercari.com/item/m87056531108;¥11,250;SOLD_OUT;2025-02-23 19:33 UTC
ステッカー8点付き ネオセレクション～NEO・GEO格闘技ベスト BEST;https://jp.mercari.com/item/m21374320746;¥980;ON_SALE;2026-03-22 01:45 UTC
新品 アケアカNEOGEO セレクション Vol.4 -Switch;https://jp.mercari.com/item/2JNaX4Uq5vha3f6h7qj7sG;¥7,184;ON_SALE;2026-03-18 01:42 UTC
ユリ・サカザキ ポスター B2 下北沢鈴成 当時物;https://jp.mercari.com/item/m91861734438;¥6,400;ON_SALE;2026-03-13 07:31 UTC
NEO・GEO ネオジオ本体 & ソフト3本;https://jp.mercari.com/item/m50615508835;¥95,000;SOLD_OUT;2026-03-17 06:15 UTC
SNK NEO GEO 龍虎の拳2 カセット ソフト レトロゲーム 動作未確認;https://jp.mercari.com/item/m37598250903;¥4,980;SOLD_OUT;2026-03-06 13:02 UTC
龍虎の拳2 SNK ネオジオソフト;https://jp.mercari.com/item/m88403190716;¥5,777;SOLD_OUT;2026-03-15 15:58 UTC
【中古】ネオジオROMソフト 龍虎の拳2(ROMカセット);https://jp.mercari.com/item/xManvaKtvLXADXfJFdFP77;¥11,605;SOLD_OUT;2025-06-16 08:23 UTC
動作良好　ネオジオ本体、コントローラー2個、ロムカセット5個、メモリーカード1個;https://jp.mercari.com/item/m34970934839;¥199,000;SOLD_OUT;2024-09-15 08:30 UTC
龍虎の拳2 SNK ネオジオソフト;https://jp.mercari.com/item/m16753430628;¥3,900;SOLD_OUT;2026-03-05 06:38 UTC
KOF 94 96 龍虎の拳2 3本セット　ネオジオCD;https://jp.mercari.com/item/m41430349179;¥3,600;SOLD_OUT;2026-03-04 09:14 UTC
ゲーメスト 龍虎の拳2 ポスター付 天下無双増刊 ネオジオ 攻略本;https://jp.mercari.com/item/m15335551205;¥1,499;SOLD_OUT;2026-03-03 17:04 UTC
龍虎の拳2 ネオジオROMソフト;https://jp.mercari.com/item/m37701198414;¥6,500;SOLD_OUT;2026-02-27 03:32 UTC
最終【お得セット】NEOGEO 本体セット＋ソフト5本（1本超レア）;https://jp.mercari.com/item/m85176565447;¥86,000;SOLD_OUT;2026-02-20 09:02 UTC
ネオジオROM　本体　6本セット;https://jp.mercari.com/item/m98311831396;¥32,000;SOLD_OUT;2025-03-26 11:44 UTC
ネオジオ　ロム　neo-geo rom 本体　サムライスピリッツ　ジャンク;https://jp.mercari.com/item/m45140298328;¥74,477;SOLD_OUT;2026-02-01 06:53 UTC
ア*ロ様 ネオジオ　龍虎の拳2攻略本　格闘ゲーム　NEOGEO;https://jp.mercari.com/item/m82769483883;¥590;SOLD_OUT;2026-02-27 06:50 UTC
uniBIOS搭載ネオジオ用 デバッグDIP表 パッチメモリー集 ver.3;https://jp.mercari.com/item/m36072973596;¥2,800;SOLD_OUT;2026-02-27 11:41 UTC
[浜館25-937]　[店舗併売品] NEOGEO 龍虎の拳2 [中古品];https://jp.mercari.com/item/2JMirDFamsRKGfmf6Swy5B;¥5,000;SOLD_OUT;2026-02-27 06:38 UTC
NEOGEOサントラ＆SAMURAI SPIRITS　NEOGEOROM風ケース;https://jp.mercari.com/item/m18547383067;¥5,000;SOLD_OUT;2026-02-18 14:51 UTC
ネオジオ　ロム　龍虎の拳2 真サムライスピリッツ　セット‼️;https://jp.mercari.com/item/m45635417005;¥15,980;SOLD_OUT;2026-02-21 00:15 UTC
NEO GEO本体、コントローラー２個 、ソフト6本付き;https://jp.mercari.com/item/m47661834223;¥200,000;SOLD_OUT;2026-02-23 03:46 UTC
ネオジオ　龍虎の拳2 NEOGEO;https://jp.mercari.com/item/m11854225525;¥5,900;SOLD_OUT;2026-01-30 06:06 UTC
アケアカNEOGEO セレクション Vol.8 -Switch;https://jp.mercari.com/item/2JJ4HkpxXZmiaYUeVGrkLM;¥8,769;ON_SALE;2025-12-08 08:05 UTC
【非売品】ネオジオギャルズポスター　ユリ　サカザキ;https://jp.mercari.com/item/m25725179291;¥1,999;ON_SALE;2026-02-20 14:27 UTC
【ネオジオROM】龍虎の拳2本セットSNK 動作確認済;https://jp.mercari.com/item/m48942802636;¥19,800;SOLD_OUT;2023-06-07 12:04 UTC
ネオジオ ソフト 16本 + メモリーカード+コントローラープロセット;https://jp.mercari.com/item/m13849285716;¥265,000;SOLD_OUT;2026-02-12 17:02 UTC
【中古】ニンテンドースイッチソフト アケアカNEOGEO セレクション Vol.5;https://jp.mercari.com/item/TffjXknDrvjvk8zCpdFCGi;¥5,980;ON_SALE;2025-08-07 07:20 UTC
[激レア]NEOGEO mini;https://jp.mercari.com/item/m42117864893;¥8,500;SOLD_OUT;2026-02-07 12:00 UTC
NEOGEO ROM 6本セット　ネオジオロムカセット;https://jp.mercari.com/item/m19118281782;¥36,000;SOLD_OUT;2026-02-16 07:37 UTC
【個人出品】龍虎の拳2 SNK ネオジオソフト;https://jp.mercari.com/item/m34266475420;¥8,000;SOLD_OUT;2026-02-15 16:23 UTC
ネオジオ　龍虎の拳2 テクニカル・マニュアル;https://jp.mercari.com/item/m85129720846;¥1,500;SOLD_OUT;2026-02-15 14:04 UTC
SNK NEO-GEO 本体+ソフト16本+コントローラーのセット　ジャンク扱い;https://jp.mercari.com/item/m49097408974;¥120,000;SOLD_OUT;2026-02-15 05:41 UTC
NEOGEO CD 龍虎の拳2;https://jp.mercari.com/item/m79440088556;¥2,500;ON_SALE;2025-06-13 21:48 UTC
uniBIOS搭載ネオジオ用 デバッグDIP表 パッチメモリー集 ver.3;https://jp.mercari.com/item/m91517915874;¥2,990;SOLD_OUT;2026-02-14 10:06 UTC
ゲーメスト増刊　餓狼伝説2　龍虎の拳2　２冊セット　（付録ポスターなし）;https://jp.mercari.com/item/m97913254455;¥1,400;SOLD_OUT;2026-02-10 01:38 UTC
[IM] NEOGEO　ゲームソフト　格闘ゲーム 11点セット　現状品　動作未確認;https://jp.mercari.com/item/2JL3pRXLc9LBjcYDSuyRTT;¥11,500;SOLD_OUT;2026-01-21 04:29 UTC
NEO GEO　CD　龍虎の拳2;https://jp.mercari.com/item/m49962331303;¥1,400;SOLD_OUT;2026-01-30 08:33 UTC
ネオジオ　ソフト　セット;https://jp.mercari.com/item/m81410193266;¥20,000;SOLD_OUT;2026-02-12 05:05 UTC
初版KOF THEKINGOFFIGHTERS ’99 ザキングオブファイターズ;https://jp.mercari.com/item/m84891534644;¥4,080;ON_SALE;2026-01-06 19:45 UTC
ネオジオ本体ロムソフト3本付き(UNI-BIOSt付き)NEOGEOROM当時物;https://jp.mercari.com/item/m98261053013;¥75,800;SOLD_OUT;2026-01-20 11:32 UTC
ネオジオ CD ソフト餓狼伝説3 ザ・キング・オブ・ファイターズ’94 ‘95;https://jp.mercari.com/item/m89544257122;¥3,900;SOLD_OUT;2026-01-15 16:52 UTC
ネオジオオンラインコレクション他 SNKソフト20本まとめ売り;https://jp.mercari.com/item/m48920996865;¥56,800;SOLD_OUT;2025-01-30 03:57 UTC
ART OF FIGHTING 龍虎の拳 外伝 限定版 オフィシャルアートブック 特製コイン スペシャルステッカー 帯 はがき付き ネオジオCD SNK;https://jp.mercari.com/item/2JKLGg4hZczbLF2qUUhP29;¥5,000;SOLD_OUT;2026-01-05 12:33 UTC
【中古】アーケード NEOGEO (MVS)用基板 龍虎の拳2 [基板のみ];https://jp.mercari.com/item/s6TgDtbcPLovQhf556GMaA;¥4,550;SOLD_OUT;2025-05-26 06:11 UTC
NEOGEO 箱無しとカセット４本セット;https://jp.mercari.com/item/m98962441571;¥75,000;SOLD_OUT;2026-02-01 14:18 UTC
ザ・キング・オブ・ファイターズ94　ネオジオCD　説明書　帯付　平成レトロ;https://jp.mercari.com/item/m20962379997;¥2,300;SOLD_OUT;2026-02-01 11:02 UTC
NEO-GEO　格闘ゲームガイドブック　ケイブンシャの大百科別冊;https://jp.mercari.com/item/m87668066245;¥1,000;SOLD_OUT;2026-01-28 10:02 UTC
【動作確認済】NEO GEO ネオジオ 本体 ソフト5点セット;https://jp.mercari.com/item/m26105827554;¥135,000;SOLD_OUT;2025-11-28 01:17 UTC
松*郎様 【NEOGEO】ROMカセットまとめ売り　4本　/箱・説明書あり;https://jp.mercari.com/item/m27618145573;¥19,900;SOLD_OUT;2026-01-15 13:31 UTC
ネオジオ 龍虎の拳2 NEO GEO SNK;https://jp.mercari.com/item/m86399846055;¥3,500;SOLD_OUT;2026-01-20 08:54 UTC
ネオジオ NEOGEO 龍虎の拳2 ROM SNK;https://jp.mercari.com/item/m37769049603;¥7,700;SOLD_OUT;2025-12-28 16:24 UTC
ネオ・ジオ　龍虎の拳2 テクニカルマニュアル;https://jp.mercari.com/item/m46316871307;¥1,400;SOLD_OUT;2025-12-19 15:00 UTC
SNK エスエヌケー NEOGEO mini International;https://jp.mercari.com/item/jYvVxYNqgrgrGYWHQ644TC;¥5,800;SOLD_OUT;2025-06-18 01:31 UTC
【希少・レア】HiPPON SUPER ヒッポンスーパー 1994年3月号;https://jp.mercari.com/item/m93245879291;¥1,200;ON_SALE;2026-01-13 01:42 UTC
【希少レア】ART OF FIGHTING 龍虎の拳 外伝 限定版 ネオジオCD;https://jp.mercari.com/item/m27689538448;¥6,300;SOLD_OUT;2026-01-10 02:27 UTC
龍虎の拳2 ネオジオソフト;https://jp.mercari.com/item/m31034471406;¥4,800;SOLD_OUT;2025-12-11 11:39 UTC
【美品】龍虎の拳2 SNK ネオジオソフト;https://jp.mercari.com/item/m59709143163;¥6,000;SOLD_OUT;2026-01-08 14:10 UTC
龍虎の拳2 NEO GEO ソフト;https://jp.mercari.com/item/m73073043508;¥6,000;SOLD_OUT;2026-01-05 02:07 UTC
【本体のみ】 NEOGEO Mini インターナショナル版;https://jp.mercari.com/item/m89649282172;¥4,980;SOLD_OUT;2026-01-03 20:14 UTC
龍虎の拳2 NEO GEO 格闘ゲーム　ネオジオCD　希少;https://jp.mercari.com/item/m65947218953;¥3,500;ON_SALE;2025-10-25 15:26 UTC
NEO GEO CD ソフト 4本セット;https://jp.mercari.com/item/m70685067277;¥2,790;SOLD_OUT;2025-12-30 22:34 UTC
[NEOGEO ROM] 龍虎の拳2;https://jp.mercari.com/item/m72670984007;¥6,300;SOLD_OUT;2025-12-15 05:58 UTC
龍虎の拳2 NEO GEO ソフト;https://jp.mercari.com/item/m30001388223;¥5,000;SOLD_OUT;2025-11-23 12:42 UTC
初版THE KING OF FIGHTERS ’97 ザキングオブファイターズ;https://jp.mercari.com/item/m34223416720;¥5,680;SOLD_OUT;2025-11-26 16:22 UTC
龍虎の拳2 NEO GEO CD;https://jp.mercari.com/item/m63630033280;¥1,500;ON_SALE;2025-12-30 03:06 UTC
SNK ネオジオ ソフト 7本セット;https://jp.mercari.com/item/m84841132204;¥93,800;SOLD_OUT;2025-12-29 17:21 UTC
ネオジオ　龍虎の拳2;https://jp.mercari.com/item/m53809352633;¥6,800;SOLD_OUT;2025-12-29 12:52 UTC
【ジャンク品】龍虎の拳2 NEO GEO ソフト;https://jp.mercari.com/item/m20217417510;¥4,000;SOLD_OUT;2025-12-29 01:22 UTC
龍虎の拳2 NEO GEO シャープペンシル替芯;https://jp.mercari.com/item/m38964961594;¥300;SOLD_OUT;2025-12-28 11:19 UTC
【起動確認済】龍虎の拳2 ネオジオ　NEOGEO;https://jp.mercari.com/item/m10728499538;¥6,190;SOLD_OUT;2025-12-13 02:25 UTC
新品未開封 NEOGEO mini サムライスピリッツ限定版 ナコルル;https://jp.mercari.com/item/m65113244984;¥15,800;SOLD_OUT;2025-08-23 22:26 UTC
龍虎の拳2 ネオジオCD SNK 新品未開封;https://jp.mercari.com/item/m54265768332;¥15,000;ON_SALE;2025-06-20 02:27 UTC
アニメ 龍虎の拳 VHSビデオの解説書のみ;https://jp.mercari.com/item/m11039557370;¥1,000;ON_SALE;2025-12-24 22:02 UTC
ネオジオCD ART OF FIGHTING 龍虎の拳 外伝 2;https://jp.mercari.com/item/m44267845348;¥4,666;SOLD_OUT;2025-08-14 01:02 UTC
龍虎の拳2 NEO GEO ソフト;https://jp.mercari.com/item/m72467931130;¥5,999;SOLD_OUT;2025-12-12 01:59 UTC
Switch アケアカNEOGEO セレクション Vol.1、2、5 セット！;https://jp.mercari.com/item/m58181674871;¥13,200;SOLD_OUT;2025-12-13 04:33 UTC
l*)様 【NEOGEO】『龍虎の拳2』ROMカセット」/箱・説明書あり;https://jp.mercari.com/item/m24548221664;¥5,300;SOLD_OUT;2025-11-29 06:25 UTC
【中古】龍虎の拳外伝 普及版 NCD 【NEOGEO】;https://jp.mercari.com/item/5XVsidvxuZ6bFWxGY8tcBL;¥13,311;ON_SALE;2025-01-21 14:20 UTC
【中古】龍虎の拳2 NG 【NEOGEO】;https://jp.mercari.com/item/PhtfSJRb2mX8FtPkczLEUF;¥45,944;ON_SALE;2025-01-21 14:20 UTC
【D30299】動作未確認　NEOGEO ネオジオ ROM ロムカセット 龍虎の拳2;https://jp.mercari.com/item/2JJQKETrcP5qX9uwG4xMg6;¥6,300;SOLD_OUT;2025-12-16 01:42 UTC
【D30298】動作未確認　NEOGEO ネオジオ ROM ロムカセット 龍虎の拳2　ケース、説明書なし;https://jp.mercari.com/item/2JJQJfYXcXqPe26kSrgEMC;¥3,300;SOLD_OUT;2025-12-16 01:37 UTC
【D30292】動作未確認　NEOGEO ネオジオ ROM ロムカセット 龍虎の拳2;https://jp.mercari.com/item/2JJQHfbHahjGT9JaQ2XChs;¥6,000;SOLD_OUT;2025-12-16 01:27 UTC
極美品　SNK NEO GEO 本体 コントローラ2台　ソフト3本付;https://jp.mercari.com/item/m47214634970;¥148,000;SOLD_OUT;2025-06-14 02:47 UTC
龍虎の拳2;https://jp.mercari.com/item/m34215612823;¥1,399;SOLD_OUT;2025-12-13 07:43 UTC
NEO-GEO CD 本体 + ゲームセット　ネオジオCD;https://jp.mercari.com/item/m53766366952;¥35,000;SOLD_OUT;2025-09-13 03:20 UTC
NEO GEO CD 龍虎の拳2 ネオジオ;https://jp.mercari.com/item/m78537737157;¥1,800;SOLD_OUT;2025-12-14 04:38 UTC
SNK NEO-GEO 本体 コントローラー2 ゲームソフト7本;https://jp.mercari.com/item/m60635331132;¥148,000;SOLD_OUT;2025-12-14 04:30 UTC
ネオジオROM5本セット KOF’96/’97他 動作確認済み;https://jp.mercari.com/item/m84875095492;¥69,000;SOLD_OUT;2025-06-21 09:56 UTC
NEOGEOCD 龍虎の拳2 ネオジオCD;https://jp.mercari.com/item/m27695159256;¥2,500;SOLD_OUT;2025-12-07 11:42 UTC
龍虎の拳2 SNK NEO GEO ネオジオ ソフト;https://jp.mercari.com/item/m72235278270;¥4,800;SOLD_OUT;2025-12-13 10:29 UTC
ネオジオ　龍虎の拳2;https://jp.mercari.com/item/m43529866557;¥5,000;SOLD_OUT;2025-04-17 08:31 UTC
l*)様 《SNK ネオジオ ROMカセット》★『龍虎の拳２』※中古;https://jp.mercari.com/item/m35731243426;¥4,900;SOLD_OUT;2024-08-29 10:39 UTC
美品 SNK ネオジオ ROM  龍虎の拳 りゅうこのけん 取説付 NEO-GEO ゲームソフト;https://jp.mercari.com/item/jUj76WGNnjiy7RSmNZnMun;¥14,100;SOLD_OUT;2025-10-17 03:50 UTC
短期出品！ネオジオ本体·2Pコントローラーつき！ソフト付きのお得なご案内あり！;https://jp.mercari.com/item/m61753573401;¥82,800;SOLD_OUT;2025-12-05 12:52 UTC
龍虎の拳2　ネオジオCD　ネオジオ　NEOGEO　SNK;https://jp.mercari.com/item/m18108768416;¥6,800;ON_SALE;2025-12-07 03:42 UTC
激レア 美品 東京ゲームショー 2019 龍虎の巻 スウェット パーカー XL;https://jp.mercari.com/item/m70903540716;¥9,500;SOLD_OUT;2025-10-17 10:20 UTC
uniBIOS搭載ネオジオ用 デバッグDIP表 パッチメモリー集;https://jp.mercari.com/item/m29892638255;¥2,980;SOLD_OUT;2025-12-06 00:42 UTC
【新品/在庫あり】[ニンテンドースイッチ ソフト] アケアカネオジオ セレクション Vol.5 [HAC-P-BPN3A];https://jp.mercari.com/item/s598gweevbtTFc4HTbt5JJ;¥5,390;SOLD_OUT;2025-09-18 01:45 UTC
ALL ABOUT4 龍虎の拳2 攻略本;https://jp.mercari.com/item/m34532665078;¥1,980;SOLD_OUT;2025-11-30 01:21 UTC
uniBIOSネオジオ用 デバッグDIP表 パッチメモリー集;https://jp.mercari.com/item/m39058143581;¥2,980;SOLD_OUT;2025-11-29 15:01 UTC
SNK 龍虎の拳2 ネオジオソフト;https://jp.mercari.com/item/m33740673891;¥5,500;SOLD_OUT;2025-11-05 16:06 UTC
SNK 龍虎の拳2 NEOGEO専用ソフト;https://jp.mercari.com/item/m97321029649;¥5,000;SOLD_OUT;2025-11-26 05:29 UTC
ML様 リクエスト 2点 まとめ商品;https://jp.mercari.com/item/m29321706965;¥1,980;SOLD_OUT;2025-11-19 13:42 UTC
龍虎の拳～天・地・人～ PS2;https://jp.mercari.com/item/m50289550041;¥4,000;SOLD_OUT;2025-11-11 15:29 UTC
【希少】NEO-GEO トラックジャケット 即完売 COSPA ネオジオ 公式;https://jp.mercari.com/item/m25350781316;¥11,000;SOLD_OUT;2025-06-29 12:27 UTC
ネオジオ ロムカセット 5本セット NEO GEO ROM;https://jp.mercari.com/item/m84314166819;¥29,999;SOLD_OUT;2025-11-16 03:39 UTC
ネオジオ AES ジャケット2枚セット (餓狼伝説リアルバウト・龍虎の拳2）;https://jp.mercari.com/item/m63650535300;¥3,900;SOLD_OUT;2025-11-15 08:02 UTC
【中古】龍虎の拳1&2 セット ネオジオCD;https://jp.mercari.com/item/m76270955329;¥9,000;SOLD_OUT;2025-11-07 16:18 UTC
PS2 ソフト NEOGEOオンラインコレクション 龍虎の拳〜天・地・人〜 SNK(エスエヌケイ);https://jp.mercari.com/item/rNVfn926M7YHaVLUtpQ22L;¥8,160;SOLD_OUT;2025-04-12 03:40 UTC
2枚セット 龍虎の拳2 アーケード版ポスター B1サイズ ネオジオ SNK;https://jp.mercari.com/item/m11821413468;¥33,333;ON_SALE;2025-11-09 02:36 UTC
【新品】ネオジオミニ　インターナショナル　コントローラー白黒2個セット;https://jp.mercari.com/item/m31523699705;¥14,000;SOLD_OUT;2025-11-06 03:15 UTC
スーパーファミコン SFC 龍虎の拳 箱説付き ネオジオ まとめ売り 2本セット;https://jp.mercari.com/item/m24827166736;¥5,800;SOLD_OUT;2025-11-01 23:14 UTC
新品 Switch アケアカNEOGEO セレクション Vol.8 即購入OK;https://jp.mercari.com/item/m29631751093;¥6,000;SOLD_OUT;2025-11-05 01:52 UTC
uniBIOSネオジオ デバッグDIP表 パッチメモリー集 改訂版;https://jp.mercari.com/item/m77408843328;¥2,980;SOLD_OUT;2025-11-03 04:48 UTC
龍虎の拳2 〔NEOGEO・ネオジオ〕;https://jp.mercari.com/item/m61228787517;¥5,500;SOLD_OUT;2025-10-26 11:58 UTC
FASION & MORE【KAEMI】様 リクエスト 2点 まとめ商品;https://jp.mercari.com/item/m71522661679;¥8,500;SOLD_OUT;2025-10-28 21:41 UTC
uniBIOSネオジオ デバッグDIP表 パッチメモリー集;https://jp.mercari.com/item/m59003604319;¥2,800;SOLD_OUT;2025-10-28 11:46 UTC
【動作確認済】龍虎の拳2 ネオジオ　NEOGEO;https://jp.mercari.com/item/m87921714611;¥7,000;SOLD_OUT;2025-10-24 03:20 UTC
龍虎の拳2 SNK ゲームソフト;https://jp.mercari.com/item/m29836384835;¥6,050;SOLD_OUT;2025-10-21 06:29 UTC
Y*d様 NEOGEO ネオジオ　龍虎の拳2 カセット&説明書;https://jp.mercari.com/item/m84934118629;¥3,300;SOLD_OUT;2025-10-11 06:49 UTC
商品名：【中古】ネオジオソフト 龍虎の拳2 ネオジオ(ロムカートリッジ）;https://jp.mercari.com/item/m45141049875;¥7,000;SOLD_OUT;2025-08-03 02:16 UTC
【中古】アーケード NEOGEO (MVS)用基板 龍虎の拳2 [インスト・説明書付];https://jp.mercari.com/item/vcfgq76khrip8CewadFjh3;¥8,590;SOLD_OUT;2025-10-13 17:12 UTC
NEOGEO 龍虎の拳2;https://jp.mercari.com/item/m66412949039;¥4,000;SOLD_OUT;2024-08-10 01:46 UTC
ART OF FIGHTING 2 SNK アーケードゲーム基板 龍虎の拳2;https://jp.mercari.com/item/m52423185758;¥15,000;ON_SALE;2025-10-13 01:13 UTC
龍虎の拳2 アクリルスタンド 若ギース SNK NEOGEO ネオジオ KOF;https://jp.mercari.com/item/m76145237265;¥12,980;ON_SALE;2025-05-28 08:43 UTC
新品未使用 ネオジオアーケードスティックプロ;https://jp.mercari.com/item/m84811786715;¥23,800;SOLD_OUT;2025-10-11 13:05 UTC
Switch アケアカ NEOGEO セレクション Vol.5;https://jp.mercari.com/item/m53066986617;¥4,500;SOLD_OUT;2025-10-07 10:34 UTC
SNK NEO-GEO CD 本体 コントローラー2個 ソフト6本付き;https://jp.mercari.com/item/m39027341786;¥17,000;SOLD_OUT;2025-10-08 13:09 UTC
ネオジオ 格闘ゲームソフト6本セット;https://jp.mercari.com/item/m21769301655;¥9,400;SOLD_OUT;2025-10-06 13:03 UTC
【３本セット】スーパーファミコン 箱説付き　龍虎の拳、ワールドヒーローズ、他;https://jp.mercari.com/item/m36942609203;¥5,500;SOLD_OUT;2025-09-25 19:45 UTC
【新品】ネオジオミニインターナショナル　コントローラー白黒2個セット;https://jp.mercari.com/item/m71060629939;¥13,000;SOLD_OUT;2025-10-05 03:08 UTC
ネオジオカセット　龍虎の拳2;https://jp.mercari.com/item/m51267533381;¥5,500;SOLD_OUT;2025-08-31 02:47 UTC
SNK NEO GEO ネオジオ 本体 + ゲームソフト3本セット;https://jp.mercari.com/item/m80103715671;¥89,000;SOLD_OUT;2025-09-22 16:08 UTC
SNK 龍虎の拳2 ネオジオソフト;https://jp.mercari.com/item/m19572233721;¥4,500;SOLD_OUT;2025-09-30 14:25 UTC
【東店25-2214-2509】【店舗併売】龍虎の拳2【NEO GEO】;https://jp.mercari.com/item/bi7zFmLwoHDJVinPzBtoGm;¥6,000;SOLD_OUT;2025-09-29 05:57 UTC
♪) ネオジオ ソフト NEOGEO X MEGA PACK VOLUME 1 英語版 メガパック [50];https://jp.mercari.com/item/hs72A59gdUzWSqUJKFceUL;¥12,800;SOLD_OUT;2025-05-15 11:00 UTC
龍虎の拳2 NEOGEO アクションゲーム;https://jp.mercari.com/item/m78774425625;¥1,500;SOLD_OUT;2025-09-26 05:27 UTC
【中古】ネオジオ オンライン コレクション ザ ベスト 龍虎の拳~天・地・人~;https://jp.mercari.com/item/XTbvejxB6r4Tni75JewVn5;¥16,760;ON_SALE;2024-11-13 17:08 UTC
龍虎の拳2 ネオジオロム　NEOGEO SNK ROM NG カセット ソフト;https://jp.mercari.com/item/m88236192108;¥5,999;SOLD_OUT;2025-09-21 14:07 UTC
龍虎の拳2;https://jp.mercari.com/item/m77111924192;¥10,000;SOLD_OUT;2021-02-12 02:48 UTC
【中古】PS2ソフト NEOGEOオンラインコレクションコンプリート 上巻;https://jp.mercari.com/item/2KQjhAAZZVDbRJKzt8W8p4;¥55,290;ON_SALE;2025-06-16 04:03 UTC
【中古】龍虎の拳~天・地・人~ NEOGEO オンラインコレクション;https://jp.mercari.com/item/gpV5vAiEn4CXFt98ehtqYa;¥12,435;ON_SALE;2024-11-16 12:02 UTC
PS2 龍虎の拳 天・地・人 THE BEST 未開封;https://jp.mercari.com/item/m49201721017;¥6,120;SOLD_OUT;2025-09-14 11:34 UTC
龍虎の拳　トランプ　非売品　任天堂　値下げ;https://jp.mercari.com/item/m20882496316;¥2,600;SOLD_OUT;2025-09-09 21:48 UTC
ネオジオ　龍虎の拳2 NEOGEO 【動作確認済】;https://jp.mercari.com/item/m77033647992;¥8,000;SOLD_OUT;2025-08-18 08:05 UTC
ネオジオ本体　+　ロムカセット4本;https://jp.mercari.com/item/m60306304057;¥115,000;SOLD_OUT;2025-09-07 06:22 UTC
SNK NEO-GEO 本体一式 ソフト２本 破損あり ジャンク;https://jp.mercari.com/item/m93611312396;¥73,200;SOLD_OUT;2025-09-07 07:50 UTC
NEO GEO ネオジオ SNK 龍虎の拳2 CD;https://jp.mercari.com/item/m42756772092;¥1,870;SOLD_OUT;2025-09-06 08:36 UTC
NEOGEO（ネオジオ）本体 ソフト6本　動作確認済;https://jp.mercari.com/item/m56665224983;¥113,000;SOLD_OUT;2025-08-19 11:49 UTC
値段交渉歓迎！NEO-GEOCD本体 +ソフト５本＋コントローラープロ＋本セット;https://jp.mercari.com/item/m64707479297;¥52,200;SOLD_OUT;2025-04-12 06:03 UTC
ネオジオ NEOGEO CD 龍虎の拳2 動作可能;https://jp.mercari.com/item/m86257710013;¥2,000;SOLD_OUT;2025-08-27 14:38 UTC
SNK エスエヌケー NEOGEO mini;https://jp.mercari.com/item/TFfhyNwwozL56HxNpVoESL;¥6,000;SOLD_OUT;2025-06-18 01:33 UTC
ネオジオ ROM カセット 龍虎の拳 セット;https://jp.mercari.com/item/m41619479251;¥20,000;SOLD_OUT;2025-08-12 15:14 UTC
龍虎の拳2 NEO GEO SNK;https://jp.mercari.com/item/m93635851663;¥4,800;SOLD_OUT;2025-08-26 04:25 UTC
龍虎の拳2 ネオジオROMソフト;https://jp.mercari.com/item/m32294167673;¥4,250;SOLD_OUT;2025-08-15 06:39 UTC
龍虎の拳2 イラストB1ポスター SNK NEOGEO;https://jp.mercari.com/item/m59953156612;¥3,480;SOLD_OUT;2025-05-10 05:33 UTC
【NEO GEO】龍虎の拳２　SNK　ネオジオ　111;https://jp.mercari.com/item/zWJxrxaEEPqVjMj2iqexX9;¥4,999;SOLD_OUT;2025-06-16 09:55 UTC
NEOGEO（ネオジオ）本体1台　ソフト7本　動作確認済（不安定）;https://jp.mercari.com/item/m83614396660;¥106,200;SOLD_OUT;2025-08-09 08:30 UTC
龍虎の拳2 NEO GEO メモリーカード付き;https://jp.mercari.com/item/m46681783729;¥7,600;SOLD_OUT;2025-08-17 15:13 UTC
龍虎の拳2 SNK ネオジオソフト;https://jp.mercari.com/item/m55132177814;¥5,500;SOLD_OUT;2025-08-17 13:26 UTC
エ*ル様 NEO GEO ネオジオ SNK 龍虎の拳2 CD;https://jp.mercari.com/item/m86623356780;¥1,900;SOLD_OUT;2025-08-16 07:06 UTC
く*ま様 龍虎の拳2 SNK ネオジオ　neo-geo SAURUS;https://jp.mercari.com/item/m65822819913;¥3,600;SOLD_OUT;2025-08-17 06:56 UTC
NEOGEO 龍虎の拳2;https://jp.mercari.com/item/m78316739781;¥3,000;SOLD_OUT;2025-08-16 23:29 UTC
龍虎の拳2 ネオジオ カートリッジ;https://jp.mercari.com/item/m72645603340;¥4,111;SOLD_OUT;2025-08-04 14:11 UTC
バトルスピリッツ　龍虎の拳　VHSテープ　SNK;https://jp.mercari.com/item/m54026930612;¥2,222;SOLD_OUT;2025-03-05 05:52 UTC
龍虎の拳2 ネオジオROM版;https://jp.mercari.com/item/m24627119238;¥8,500;SOLD_OUT;2024-08-13 02:39 UTC
ネオジオ 格闘ゲーム 5本セット;https://jp.mercari.com/item/m99168385930;¥34,000;SOLD_OUT;2025-08-07 02:27 UTC
龍虎の拳2 攻略本 No.115;https://jp.mercari.com/item/m59692595622;¥3,000;ON_SALE;2025-08-10 04:41 UTC
龍虎の拳 & 龍虎の拳2 サウンドトラック 2枚セット;https://jp.mercari.com/item/m33360797963;¥1,600;SOLD_OUT;2025-08-06 15:50 UTC
【新品】ニンテンドースイッチソフト アケアカNEOGEO セレクション Vol.5;https://jp.mercari.com/item/szf7xzVuKBaCtGH7gi4orV;¥5,807;SOLD_OUT;2025-08-05 15:25 UTC
新品 Switch アケアカNEOGEO セレクション Vol.5 即購入OK;https://jp.mercari.com/item/m24163777533;¥6,180;SOLD_OUT;2025-08-06 06:06 UTC
140 正規品　龍虎の拳 外伝　アートオブファイティング　箱説付き　ネオジオ;https://jp.mercari.com/item/m38994993379;¥149,600;SOLD_OUT;2025-07-29 07:11 UTC
龍虎の拳2 特集号 SNK NEO GEO;https://jp.mercari.com/item/m52264591528;¥800;SOLD_OUT;2025-08-03 02:12 UTC
中古品　ネオジオCD版　龍虎の拳２;https://jp.mercari.com/item/nsmksyFEhy95yDUWa5j6RC;¥2,500;SOLD_OUT;2025-07-31 04:08 UTC
ＭＶＳ用ネオジオゲーム 6本セット　サムライスピリッツ　餓狼伝説;https://jp.mercari.com/item/m25412558055;¥22,000;SOLD_OUT;2025-07-28 06:36 UTC
龍虎の拳2 NEO GEO CD SNK;https://jp.mercari.com/item/m99015723684;¥10,000;ON_SALE;2025-07-23 04:45 UTC
J*O様 ネオジオCD ソフトセット;https://jp.mercari.com/item/m29296274785;¥5,800;SOLD_OUT;2025-07-22 06:43 UTC
NEOGEO mini ネオジオミニ＋コントローラー　PAD 黒　美品;https://jp.mercari.com/item/m48271080354;¥7,400;SOLD_OUT;2025-07-20 14:12 UTC
SNK MVS-U4 アクリルスタンド　龍虎の拳2　NEO-GEO;https://jp.mercari.com/item/m78945816021;¥1,280;SOLD_OUT;2025-07-21 13:39 UTC
龍虎の拳2 ゲーメスト増刊 攻略本 ネオジオ SNK NEOGEO gamest;https://jp.mercari.com/item/m72681033367;¥1,399;SOLD_OUT;2025-06-22 02:40 UTC
NEOGEO 龍虎の拳2;https://jp.mercari.com/item/m31194927507;¥5,888;SOLD_OUT;2025-07-14 19:42 UTC
龍虎の拳２　スーパーファミコンソフト;https://jp.mercari.com/item/m42310229632;¥1,599;SOLD_OUT;2025-07-12 19:41 UTC
ネオジオROM本体＋コントローラー＋龍虎の拳2＋餓狼伝説スペシャル;https://jp.mercari.com/item/m17433700280;¥75,000;SOLD_OUT;2025-03-15 01:12 UTC
〈未開封美品〉龍虎の拳2;https://jp.mercari.com/item/m19732277937;¥15,800;ON_SALE;2025-01-10 07:46 UTC
動作確認済み！ネオジオ 龍虎の拳2;https://jp.mercari.com/item/m90726552327;¥6,000;SOLD_OUT;2025-07-09 15:53 UTC
【ネオジオ】美品！動作確認済！龍虎の拳2;https://jp.mercari.com/item/m60741259023;¥4,980;SOLD_OUT;2025-05-22 11:54 UTC
【帯・攻略本付き】龍虎の拳2;https://jp.mercari.com/item/m70192742254;¥3,300;SOLD_OUT;2025-06-15 06:41 UTC
龍虎の拳2 ネオジオROMソフト;https://jp.mercari.com/item/m53006450326;¥4,000;SOLD_OUT;2025-07-09 03:42 UTC
※最安【完全レアコンプ】NEOGEO ミニSNK　限定龍虎の拳Ts付;https://jp.mercari.com/item/m74657569012;¥20,000;SOLD_OUT;2025-05-28 12:28 UTC
ネオジオROMソフト 龍虎の拳2【動作未確認】;https://jp.mercari.com/item/Cs29ycWoibKDwU7B664bck;¥6,000;SOLD_OUT;2025-07-02 03:10 UTC
【正常動作品】PS2 龍虎の拳 ～天・地・人～ ケース 説明書付属;https://jp.mercari.com/item/m53010188218;¥4,980;SOLD_OUT;2025-06-24 08:09 UTC
NEO GEO MAX330+本体コントローラー2個＋付属品 ソフト5本;https://jp.mercari.com/item/m65789706235;¥115,000;SOLD_OUT;2025-01-05 06:20 UTC
【ＳＮＫ】ＮＥＯＧＥＯ－ＣＤソフト１８本＋ＮＥＯＧＥＯ－ＣＤ本体（ジャンク）;https://jp.mercari.com/item/m44510846575;¥85,000;ON_SALE;2024-04-29 11:53 UTC
◯龍虎の拳2 NEO GEO CD;https://jp.mercari.com/item/m24945173791;¥2,800;ON_SALE;2025-04-12 05:24 UTC
NEOGEO 龍虎の拳2 ROMカセット ネオジオ;https://jp.mercari.com/item/m90196758534;¥4,275;SOLD_OUT;2025-06-25 01:33 UTC
NG ネオジオソフト餓狼伝説スペシャル(ROMカートリッジ/ロムカセット) SNK(エスエヌケイ);https://jp.mercari.com/item/aywMvg56SYPBMxsgW4jfP9;¥6,095;SOLD_OUT;2025-04-12 03:11 UTC
NG ネオジオソフト龍虎の拳(ART OF FIGHTING)(ROMカートリッジ/ロムカセット) SNK(エスエヌケイ);https://jp.mercari.com/item/MVaRkuQs8ySdvrSSwniERS;¥12,040;SOLD_OUT;2025-04-12 03:10 UTC
龍虎の拳2【NEO GEO】;https://jp.mercari.com/item/m36861580254;¥5,500;SOLD_OUT;2025-06-24 07:38 UTC
【中古】龍虎の拳外伝 普及版 NCD 【NEOGEO】 cm3dmju;https://jp.mercari.com/item/LAsH9jfr4iq3F3ixH6zsxb;¥11,238;ON_SALE;2024-11-08 11:14 UTC
ネオジオ 格闘ゲーム 6本セット;https://jp.mercari.com/item/m13647504407;¥41,000;SOLD_OUT;2025-06-19 00:38 UTC
龍虎の拳2 サントラCD NEOGEO SNK 音楽集;https://jp.mercari.com/item/m36995356417;¥3,500;ON_SALE;2025-06-23 06:01 UTC
龍虎の拳2 NEO GEO ROM 中古　SNK ネオジオ;https://jp.mercari.com/item/m32787158537;¥4,600;SOLD_OUT;2025-06-07 09:33 UTC
ネオジオ本体コントローラー カセット６本 メモリーカード;https://jp.mercari.com/item/m69764816811;¥133,800;SOLD_OUT;2025-05-29 00:58 UTC
ネオジオ　本体+コントローラー+ソフト3本;https://jp.mercari.com/item/m35930884160;¥100,000;SOLD_OUT;2025-06-13 02:44 UTC
龍虎の拳 ～天・地・人～ PS2　NEOGEO　オンラインコレクション;https://jp.mercari.com/item/m94592083366;¥6,666;ON_SALE;2025-06-14 10:05 UTC
龍虎の拳2 【NEOGEO】;https://jp.mercari.com/item/m77010122758;¥4,000;SOLD_OUT;2025-06-04 13:44 UTC
龍虎の拳 NEO GEO ソフト　2本セット;https://jp.mercari.com/item/m84153473016;¥20,000;SOLD_OUT;2025-05-26 08:27 UTC
スーパーファミコンソフト ネオジオ移植版 格闘ゲーム 6タイトルセット;https://jp.mercari.com/item/m21255874584;¥2,999;SOLD_OUT;2025-06-11 06:23 UTC
超激レア「デバッグネオジオ」本体と「ファイティングスティックNEO2＋αセット;https://jp.mercari.com/item/m51078650957;¥135,791;SOLD_OUT;2025-06-10 12:32 UTC
龍虎の拳2　コマンド表タオル;https://jp.mercari.com/item/m31601919167;¥5,500;ON_SALE;2024-12-09 03:07 UTC
龍虎の拳2 SNK カートリッジ 取説なし;https://jp.mercari.com/item/m61660544875;¥5,000;SOLD_OUT;2025-05-11 11:38 UTC
NEO GEO SNK 178: 龍虎の拳2 ネオジオ 説明書付き;https://jp.mercari.com/item/m18232402692;¥5,777;SOLD_OUT;2025-06-01 13:34 UTC
ネオジオCD フロントローディング　SNK　本体一式ソフトセット　要メンテナンス;https://jp.mercari.com/item/m62617792015;¥22,800;SOLD_OUT;2025-06-05 07:50 UTC
ネオジオ　龍虎の拳2 NEOGEO;https://jp.mercari.com/item/m37571495811;¥5,980;SOLD_OUT;2025-06-06 23:26 UTC
ネオジオCDソフト龍虎の拳2(CD-ROM) SNK(エスエヌケイ);https://jp.mercari.com/item/X7EYNxNsKMj7ESGhEzqk6c;¥4,152;SOLD_OUT;2025-04-12 03:14 UTC
ネオジオCDソフトART OF FIGHTING(アートオブファイティンング) 龍虎の拳 外伝 通常版 SNK(エスエヌケイ);https://jp.mercari.com/item/8i42yDd4EwnJRcyStbSPLQ;¥4,744;SOLD_OUT;2025-04-12 03:17 UTC
□プラバン（MVSミニインスト）龍虎の拳1＆2＆外伝　3枚組　MVS;https://jp.mercari.com/item/m80263044580;¥4,000;SOLD_OUT;2024-11-05 01:24 UTC
NEO GEO SNK 178: 龍虎の拳2 ネオジオ;https://jp.mercari.com/item/m80446080952;¥5,250;SOLD_OUT;2025-06-01 06:40 UTC
【中古】(非常に良い)龍虎の拳~天・地・人~ NEOGEO オンラインコレクション;https://jp.mercari.com/item/8a84icNJGBbfwkAXn7THe6;¥18,522;ON_SALE;2025-05-21 08:23 UTC
NEOGEO 格闘ゲームスーパーテクニック;https://jp.mercari.com/item/m56919574305;¥1,100;ON_SALE;2025-05-11 15:59 UTC
【中古】 龍虎の拳2 NCD 【NEOGEO】;https://jp.mercari.com/item/HY3A7uhrAKCLRp8x3BBCwQ;¥24,514;ON_SALE;2025-04-29 01:12 UTC
【中古】「非常に良い」ネオジオ オンライン コレクション ザ ベスト 龍虎の拳~天・地・人~;https://jp.mercari.com/item/5xLdgEF4oLMP5yqMs2nDfb;¥19,199;ON_SALE;2025-04-21 15:52 UTC
【中古】「非常に良い」龍虎の拳2 NG 【NEOGEO】;https://jp.mercari.com/item/bSN7KCe67Zv2r9Ti9NYEwY;¥114,990;SOLD_OUT;2025-04-20 17:14 UTC
【中古】「非常に良い」龍虎の拳2 NCD 【NEOGEO】;https://jp.mercari.com/item/Pc5ah5g2VfBycieWWz8Vjh;¥11,134;ON_SALE;2025-04-20 17:13 UTC
アニメージュ1994年1月号　付録あり;https://jp.mercari.com/item/m76265201951;¥2,800;ON_SALE;2025-04-19 08:30 UTC
【動作確認済】 龍虎の拳2　ネオジオ　NEOGEO　ROM　 SNK;https://jp.mercari.com/item/m24689841074;¥11,000;SOLD_OUT;2025-01-03 07:21 UTC
GAMEST NEO・GEO GALS POSTER COLLECTION Part.2 下北沢鈴成 ユリ・サカザキ/龍虎の拳2 B2ポスター;https://jp.mercari.com/item/G3TBwcGSaj7V4yLas6pZLY;¥3,410;ON_SALE;2025-04-14 07:01 UTC
【動作確認済】NEOGEOセット　本体一式　ROM18本　CD5枚;https://jp.mercari.com/item/m14497819079;¥825,000;SOLD_OUT;2024-06-28 10:49 UTC
【中古】ネオジオ オンライン コレクション ザ ベスト 龍虎の拳~天・地・人~;https://jp.mercari.com/item/fRXpiJWFoYrN7iuoMAhDp4;¥34,950;ON_SALE;2025-04-07 14:21 UTC
【中古】龍虎の拳2 NG 【NEOGEO】;https://jp.mercari.com/item/kDLtkqFN3T8FG89cQHBGiA;¥114,990;SOLD_OUT;2025-04-06 05:06 UTC
【中古】龍虎の拳2 NCD 【NEOGEO】;https://jp.mercari.com/item/x3g72Vdt46HgiwskkyGzPg;¥10,402;ON_SALE;2025-04-06 05:06 UTC
【中古】 NEO・GEO4大格闘ゲームギャグバトル /アンソロジー;https://jp.mercari.com/item/m48020811594;¥28,470;ON_SALE;2025-02-19 04:12 UTC
NEOGEO CD 龍虎の拳2 ケース・説明書付き 動作確認済;https://jp.mercari.com/item/m76354939359;¥3,490;ON_SALE;2025-03-14 09:13 UTC
NEO GEO 本体とゲームソフトセット;https://jp.mercari.com/item/m65361971608;¥220,000;SOLD_OUT;2025-02-08 08:34 UTC
【新品】龍虎の拳2 NCD NEOGEO ;https://jp.mercari.com/item/sttdj9jqZA5jaZ5dDhgbEJ;¥12,669;ON_SALE;2023-08-17 02:48 UTC
【中古】龍虎の拳2 NG 【NEOGEO】;https://jp.mercari.com/item/S4oqrvmB48K3BeeCy8J2MV;¥32,374;ON_SALE;2025-01-23 21:46 UTC
【中古】龍虎の拳2 NCD 【NEOGEO】;https://jp.mercari.com/item/99uEmF4USfJ4UkMjwfMrM3;¥36,055;ON_SALE;2025-01-23 21:46 UTC
【中古】龍虎の拳2 NCD 【NEOGEO】;https://jp.mercari.com/item/i2f7Ny8vGGDxUmbwi8aj6o;¥15,732;ON_SALE;2025-01-21 14:20 UTC
【中古】【非常に良い】ネオジオ オンライン コレクション ザ ベスト 龍虎の拳~天・地・人~ bme6fzu;https://jp.mercari.com/item/gg6QDABtyPFk72bXeDU8rh;¥14,326;ON_SALE;2024-11-11 19:26 UTC
【中古】【非常に良い】龍虎の拳~天・地・人~ NEOGEO オンラインコレクション o7r6kf1;https://jp.mercari.com/item/Kwq9ZCjBmxeDCTPjUdEcx6;¥17,404;ON_SALE;2024-11-11 01:37 UTC
【中古】ネオジオ オンライン コレクション ザ ベスト 龍虎の拳~天・地・人~ bme6fzu;https://jp.mercari.com/item/CDvBgUFoRGgx9QDDjh3VuK;¥12,739;ON_SALE;2024-11-09 21:09 UTC
【中古】龍虎の拳~天・地・人~ NEOGEO オンラインコレクション o7r6kf1;https://jp.mercari.com/item/nnhRB8mXz99QPe9iLqprzQ;¥15,475;ON_SALE;2024-11-09 10:05 UTC
【中古】龍虎の拳 NG 【NEOGEO】 cm3dmju;https://jp.mercari.com/item/8xNPDBQWVPhE6SmiMx7W3P;¥47,167;ON_SALE;2024-11-08 11:14 UTC
龍虎の拳2  SNK ステッカー;https://jp.mercari.com/item/m75104577149;¥1,999;ON_SALE;2024-11-03 23:33 UTC
【NGCD】龍虎の拳2 【ネオジオCD】;https://jp.mercari.com/item/m34241584833;¥4,222;ON_SALE;2024-08-31 23:13 UTC
龍虎の拳２　ネオジオCD;https://jp.mercari.com/item/m10110594343;¥5,000;ON_SALE;2024-06-21 23:02 UTC
プラバン(MVSミニインスト)　龍虎の拳2　MVS　NEOGEO　出品653;https://jp.mercari.com/item/aVAvY3ExL4tpvdqVmZFjV4;¥1,500;ON_SALE;2024-05-16 07:10 UTC
純正インスト+取扱説明書　龍虎の拳2　MVS　NEOGEO　出品642;https://jp.mercari.com/item/vpMQi4dFtTZEpQgBQpwXr6;¥3,000;ON_SALE;2024-04-23 03:04 UTC
龍虎の拳2 ネオジオ;https://jp.mercari.com/item/m52323340431;¥15,000;SOLD_OUT;2023-12-06 11:28 UTC
ネオジオソフト;https://jp.mercari.com/item/m87518345557;¥8,888;SOLD_OUT;2023-08-04 11:03 UTC
SNK NEO•GEO ネオジオCD 本体 ソフト 11枚セット;https://jp.mercari.com/item/m73132584194;¥98,000;ON_SALE;2023-05-31 03:19 UTC
龍虎の拳2 カード2枚 No.30 ユリ・サカザキ No.17ジョン・クローリー;https://jp.mercari.com/item/m59634704125;¥2,899;ON_SALE;2022-10-21 02:12 UTC
龍虎の拳 2 !!!!;https://jp.mercari.com/item/m44617409046;¥15,555;SOLD_OUT;2020-03-16 11:12 UTC
「NGゲーム、龍虎の拳外伝」のポスター;https://jp.mercari.com/item/m16464063658;¥13,800;ON_SALE;2021-06-28 20:46 UTC
龍虎の拳2 テクニカル・マニュアル;https://jp.mercari.com/item/m41204088454;¥4,000;ON_SALE;2020-04-07 15:38 UTC
(ネオジオCD)アート・オブ・ファイティング龍虎の拳外伝;https://jp.mercari.com/item/m15309308575;¥11,000;ON_SALE;2019-10-25 06:43 UTC
ネオジオ本体 2Pコントローラ ソフト6本;https://jp.mercari.com/item/m64384434856;¥990,000;ON_SALE;2019-10-20 03:20 UTC
ネオジオ オールアバウト 龍虎の拳2 攻略本;https://jp.mercari.com/item/m13794476440;¥3,333;ON_SALE;2018-12-13 13:02 UTC
NEOGIO mini ( ネオジオミニ ) 新品;https://jp.mercari.com/item/m34577765412;¥16,500;ON_SALE;2018-08-03 16:51 UTC
ネオジオ ＲＯＭ ソフト 龍虎の拳2;https://jp.mercari.com/item/m28858375571;¥21,800;SOLD_OUT;2026-06-01 13:38 UTC
龍虎の拳2 ネオジオROMカセット;https://jp.mercari.com/item/m43080667028;¥26,700;ON_SALE;2026-06-01 09:26 UTC
【中古】ゲームミュージックCD NEOGEO SUPER LIVE1994;https://jp.mercari.com/item/2JS3QeLn8Yw8Z2TgpfRk7Y;¥850;ON_SALE;2026-06-02 02:43 UTC
【中古】龍虎の拳 NCD 【NEOGEO】;https://jp.mercari.com/item/Q3xS3ToDChyGCMdKrnQR2g;¥44,956;ON_SALE;2025-01-09 00:59 UTC
ネオジオ アーケード2 NeoGeo Arcade 2 Evercade;https://jp.mercari.com/item/m37694053920;¥6,250;ON_SALE;2026-06-03 05:32 UTC
NEOGEO 龍虎の拳2 SNK ソフト;https://jp.mercari.com/item/m61410626995;¥15,800;SOLD_OUT;2026-06-04 11:25 UTC
龍虎の拳2 NG 【NEOGEO】;https://jp.mercari.com/item/2JS9ELgHNCZUgHYHZCMsFr;¥18,000;ON_SALE;2026-06-04 08:39 UTC
龍虎の拳2 ネオジオ NEOGEO;https://jp.mercari.com/item/m23158157791;¥18,000;SOLD_OUT;2026-06-04 06:57 UTC
龍虎の拳2 ネオジオ;https://jp.mercari.com/item/m78861871276;¥18,000;ON_SALE;2026-06-04 00:00 UTC
uniBIOSネオジオ用 デバッグDIP表 パッチメモリー集;https://jp.mercari.com/item/m97810443147;¥2,980;SOLD_OUT;2025-11-16 00:35 UTC
ネオジオ ロム 龍虎の拳2 ソフトのみ NEOGEO ROM SNK;https://jp.mercari.com/item/m50694490602;¥10,000;ON_SALE;2026-06-08 16:26 UTC
PS2 龍虎の拳 天地人　餓狼伝説バトルアーカイブズ1　ディスクのみ　ジャンク;https://jp.mercari.com/item/m77263578729;¥1,200;TRADING;2026-06-08 13:48 UTC
ネオジオ　NEOGEO AES ソフト　6本セット;https://jp.mercari.com/item/m84124000184;¥163,000;TRADING;2026-06-05 17:53 UTC
NEOGEO CD 龍虎の拳2;https://jp.mercari.com/item/m84502991582;¥2,000;TRADING;2026-06-08 04:58 UTC
PS2ソフト 龍虎の拳 天地人 NEOGEOオンラインコレクション VOL.4;https://jp.mercari.com/item/m35028388939;¥5,200;ON_SALE;2026-06-08 02:20 UTC
NEOGEO 龍虎の拳 1 2 SNKネオジオロム;https://jp.mercari.com/item/m32077988855;¥37,000;ON_SALE;2026-06-07 05:20 UTC
ネオジオ 龍虎の拳2 SNK ROM NEOGEO AES;https://jp.mercari.com/item/m98925658524;¥28,800;ON_SALE;2026-06-06 13:13 UTC
NEOGEO 龍虎の拳2 SNKネオジオ　ケース汚れあり;https://jp.mercari.com/item/m39521860009;¥17,000;ON_SALE;2026-06-06 07:40 UTC
【動作確認済】ネオジオCD 龍虎の拳2 SNK レトロゲーム;https://jp.mercari.com/item/m10372811413;¥2,980;TRADING;2026-06-05 15:48 UTC
SNK 龍虎の拳2 NEOGEO ROMカセット;https://jp.mercari.com/item/m38580326274;¥11,600;SOLD_OUT;2026-06-10 13:36 UTC
NeoGeo ネオジオ アーケード1 & 2 & 3 Evercade;https://jp.mercari.com/item/m85582354705;¥18,400;ON_SALE;2026-06-09 17:20 UTC
ネオジオ アーケード2 NeoGeo Arcade 2 Evercade;https://jp.mercari.com/item/m39325397878;¥6,200;ON_SALE;2026-06-09 18:15 UTC
龍虎の拳2 ネオジオ NEOGEO ROM ROMカセット;https://jp.mercari.com/item/m81680959127;¥21,700;TRADING;2026-06-09 10:24 UTC
龍虎の拳2 取扱説明書;https://jp.mercari.com/item/m23845456448;¥6,999;ON_SALE;2026-06-09 05:15 UTC
【中古】龍虎の拳2 NCD 【NEOGEO】;https://jp.mercari.com/item/DQtQtfgnRKm3kAtYeeB8xH;¥7,426;ON_SALE;2025-01-09 00:59 UTC
ネオジオ 龍虎の拳2 ROMカセット SNK NEOGEO AES ソフト;https://jp.mercari.com/item/m71730648053;¥25,000;ON_SALE;2026-06-11 01:48 UTC
PS2 龍虎の拳 天・地・人 NEOGEOオンラインコレクション;https://jp.mercari.com/item/m84132282325;¥5,000;ON_SALE;2026-06-11 01:28 UTC
PS2 龍虎の拳 天・地・人 NEOGEOオンライン;https://jp.mercari.com/item/m81165989470;¥8,999;ON_SALE;2026-06-11 06:00 UTC
ネオジオ アーケード2 NeoGeo Arcade 2 Evercade;https://jp.mercari.com/item/m12364325953;¥6,180;ON_SALE;2026-06-12 02:22 UTC
FMT Martyメンテナンス済み+neogeo cdz +22本ソフト セット;https://jp.mercari.com/item/m33680698774;¥390,000;ON_SALE;2026-05-11 10:01 UTC
龍虎の拳2 ネオジオROMカセット;https://jp.mercari.com/item/m19428208826;¥29,800;ON_SALE;2026-06-12 16:13 UTC
SNK NEOGEO ネオジオ 龍虎の拳 2 Art of Fighting 2;https://jp.mercari.com/item/m44866787774;¥34,900;ON_SALE;2026-06-12 14:53 UTC
ネオジオ NEOGEO ROM ソフト　龍虎の拳2 動作確認済み;https://jp.mercari.com/item/m99216748636;¥19,000;ON_SALE;2026-06-12 13:35 UTC
【中古】龍虎の拳外伝 普及版 NCD 【NEOGEO】;https://jp.mercari.com/item/VzqQsuT2AF6HGAKZkdMp3d;¥7,667;ON_SALE;2025-01-09 01:00 UTC
NEOGEO 龍虎の拳2 SNK ソフト;https://jp.mercari.com/item/m29302925900;¥14,980;TRADING;2026-06-12 10:27 UTC
【中古】龍虎の拳 NG 【NEOGEO】;https://jp.mercari.com/item/CMtr6HCwVXccVzTU6n4Nz5;¥111,920;ON_SALE;2025-01-09 00:59 UTC
