Titre;URL;Prix;Statut;Created;Description
餓狼伝説3遥かなる闘い ネオジオCD　説明書　帯付　希少;https://jp.mercari.com/item/m62504574359;¥2,500;ON_SALE;2026-02-01 08:12 UTC;
SNK NEOGEO AES 本体 ソフト3本セット;https://jp.mercari.com/item/m18295959484;¥298,000;ON_SALE;2026-05-27 12:11 UTC
餓狼伝説3 NCD 【NEOGEO】;https://jp.mercari.com/item/2JRYrA8fJRH4vnKDg97DT4;¥447;SOLD_OUT;2026-05-22 11:19 UTC;
餓狼伝説3 ROAD TO THE FINAL VICTORY;https://jp.mercari.com/item/m16076215427;¥1,300;SOLD_OUT;2026-05-31 00:30 UTC;NEOGEO CD用ソフト。コンビネーションアーツや連携技など、新要素を多数搭載した対戦格闘ゲームです。  - タイトル: 餓狼伝説3 ROAD TO THE FINAL VICTORY - プラットフォーム: NEOGEO CD - メーカー: SNK - 付属品: 取扱説明書、公式一撃の秘伝書（チラシ）  ご覧いただきありがとうございます。
NEOGEO 餓狼伝説3 ROAD TO THE FINAL VICTORY;https://jp.mercari.com/item/m27682704735;¥33,999;SOLD_OUT;2026-05-30 17:42 UTC;NEOGEO用ROMカセット「餓狼伝説3」のパッケージ版で、取扱説明書が付属しています。  - タイトル: 餓狼伝説3 ROAD TO THE FINAL VICTORY - プラットフォーム: NEOGEO - メーカー: SNK - 付属品: 取扱説明書  ご覧いただきありがとうございます。
【中古】ネオジオCDソフト 餓狼伝説3(CD-ROM);https://jp.mercari.com/item/4fxowJzCAmKghjxKfPdu53;¥1,280;ON_SALE;2025-05-29 00:18 UTC;
ネオジオ格闘ゲーム ポスター 6枚セット;https://jp.mercari.com/item/m15429584177;¥9,500;ON_SALE;2026-03-15 06:18 UTC;
NEOGEO 帯のみ　まとめ;https://jp.mercari.com/item/m37848085562;¥1,500;SOLD_OUT;2026-05-27 04:50 UTC;NEOGEOソフトの帯のみの出品となります。  - タイトル: ザ・キング・オブ・ファイターズ'94 - タイトル: ザ・キング・オブ・ファイターズ'95 - タイトル: サムライスピリッツ - タイトル: 真サムライスピリッツ - タイトル: 戦国伝承2 - タイトル: キングオブザモンスターズ2 - タイトル: 餓狼伝説スペシャル  おまけ3DOのスト2  濡れ、折れ対策をして発送させて頂きます。  ご覧いただきありがとうございます。
ネオジオCD 餓狼伝説3;https://jp.mercari.com/item/m14801883873;¥2,500;SOLD_OUT;2026-05-11 10:26 UTC;動作確認済みです。 全体的に綺麗ですが、小さな傷みや汚れが見られます。完品や未開封品をお求めの方は購入をご遠慮ください。 状態や付属品は画像にてご確認ください。  様子を見ながら値下げを行いますので、 値下げ交渉はご遠慮ください。  以上、よろしくお願い致します。  検索用ネオジオCDNEOGEOCDSNK対戦格闘レトロゲームストリートファイターSTREETFIGHTER
【新品】 アケアカNEOGEO セレクション Vol.9 Nintendo Switch 佐賀;https://jp.mercari.com/item/2JJWKVyZ9Zp8okH4uo43pu;¥5,940;SOLD_OUT;2025-12-18 09:22 UTC;
ネオジオCD 餓狼伝説3 NEOGEO SNK ソフト　当時物　アーケード CD;https://jp.mercari.com/item/m42167665373;¥1,222;SOLD_OUT;2026-03-06 23:29 UTC;ハードがない為動作確認出来てません。  盤面状態は画像参照してください。  説明書やや黄変しております。   非喫煙、非ペット環境です。  画像追加状態確認など歓迎です、ご確認されない場合での購入後の対応一切致しません。  状態は画像よりご判断ください、一度人の手に渡った物ですので神経質な方の購入お控えください。  すり替え防止の為返品不可です。
餓狼伝説3;https://jp.mercari.com/item/m67323212439;¥30,000;SOLD_OUT;2026-05-23 13:24 UTC;リアルバトル格闘ゲームの名作  - ブランド: SNK - モデル名: 餓狼伝説3 - カテゴリー: ソフト - ゲームタイプ: リアルバトル格闘ゲーム - 発売元: 株式会社エスエヌケイ  ご覧いただきありがとうございます。
【新品未開封】餓狼伝説3 ネオジオソフト　NEOGEO 当時モノ;https://jp.mercari.com/item/m70611908144;¥4,950;ON_SALE;2026-05-20 05:34 UTC;
B1アーケードゲームポスター　ネオジオ 餓狼伝説３当時品　レア SNK;https://jp.mercari.com/item/m63256858507;¥12,000;SOLD_OUT;2026-05-19 09:41 UTC;珍しいB1の大サイズ！アーケードゲームの餓狼伝説３のポスター当時品になります。画鋲跡はありませんが細かな巻跡などございます。あくまで当時品になりますのでよろしくお願い致します。メルカリ便にて丸めさせて頂き、自作の再利用♻️ダンボール箱にて匿名配送致します。当方ペットは居らずタバコも吸いません。よろしくお願い致します。 #SNK  #餓狼伝説３　 #ポスター　 #B1  #アーケードゲームポスター
【中古】ネオジオソフト 餓狼伝説3 ROAD TO THE FINAL VICTORY(ROMカセット);https://jp.mercari.com/item/JjVdEF7CLQzXYEzKjRsWbm;¥28,800;SOLD_OUT;2025-05-26 06:03 UTC;
ネオジオCD　餓狼伝説3;https://jp.mercari.com/item/m70634681279;¥1,650;ON_SALE;2026-05-06 07:15 UTC;
【PC不要】全隠しタイトルアンロック用USB ネオジオ　アーケードスティックプロ;https://jp.mercari.com/item/m75196474073;¥3,000;SOLD_OUT;2026-05-18 00:30 UTC
【PC不要】全隠しタイトルアンロック用USB ネオジオ　アーケードスティックプロ;https://jp.mercari.com/item/m77902132245;¥3,000;SOLD_OUT;2026-05-17 11:51 UTC
餓狼伝説3 ネオジオ　美品　ロム　説明書;https://jp.mercari.com/item/m55027406445;¥42,500;SOLD_OUT;2026-05-16 10:33 UTC;「餓狼伝説3 ネオジオ」 定価: - Neogeo aes レトロゲーム  #ゲーム #アクション #ネオジオ #Other
SNK NEOGEO 本体とソフト10本;https://jp.mercari.com/item/m79057460015;¥398,000;ON_SALE;2026-05-16 10:56 UTC;
餓狼伝説3 ROAD TO THE FINAL VICTORY NEO GEO;https://jp.mercari.com/item/m63922969533;¥2,800;ON_SALE;2026-05-11 12:47 UTC;
ネオジオ 餓狼伝説3 ROAD TO THE FINAL VICTORY;https://jp.mercari.com/item/m42000916908;¥25,500;SOLD_OUT;2026-05-10 11:50 UTC;中古品になります。 動作確認済みです。 極度に状態を気にする方はお控え願います。  進化したアクションゲーム、1-2人プレイ対応のネオジオソフト。  - タイトル: 餓狼伝説3 ROAD TO THE FINAL VICTORY - ジャンル: アクションゲーム - 対応機種: ネオジオ - プレイ人数: 1-2人 - 発売元: SNK  ご覧いただきありがとうございます。
【帯あり】餓狼伝説3 NEOGEO CD β;https://jp.mercari.com/item/m62746253102;¥1,480;SOLD_OUT;2025-02-09 07:29 UTC;進化したリアルバトルアクションゲーム、餓狼伝説3。  - タイトル: 餓狼伝説3 - プラットフォーム: NEOGEO CD - ジャンル: リアルバトルアクションゲーム - 商品コード: NGCD-069 - 発売年: 1995年  ご覧いただきありがとうございます。   ☆☆☆☆☆☆☆☆☆☆☆☆☆☆☆☆☆☆☆☆ メルカリ規則にそっております。新品として出品していないものについては＝中古品となりますので些細なキズなど気にされる方は購入しないで下さい。原則御値引きと返品は致しておりません。梱包材に関して地球ecoの観点からリサイクル品を取扱う事が有りますがご承知置き下さい。事前にきちんと商品説
NEOGEOCD ネオジオCD リアルバウト餓狼伝説　等3セット;https://jp.mercari.com/item/m79228414277;¥5,600;SOLD_OUT;2026-05-08 22:54 UTC;REAL BOUT 餓狼伝説  REAL BOUT 餓狼伝説　スペシャル  餓狼伝説3  ご覧いただきありがとうございます。  3点セットになります。  長期保管しておりますので経年劣化はしているものと思われます。 ご理解いただける方の購入よろしくお願いします
餓狼伝説 3 スペシャル〔NEOGEO・ネオジオ〕;https://jp.mercari.com/item/m62190427918;¥3,777;SOLD_OUT;2026-03-19 17:02 UTC;ご覧いただきありがとうございます。  『餓狼伝説スペシャル』 『餓狼伝説 3』 NEOGEO CDソフト  状態は写真を参考にして下さい。  商品は中古品・保管品となりますので、  ご理解ある方のみご購入下さい。 完璧を求める方や神経質な方はご遠慮下さい。 ノークレーム・ノーリターンでお願いします。  らくらくメルカリ便 ネコポスにて発送予定です。 ※仕事の都合により3日以内に発送可能な場合があります。
ネオジオCD 餓狼伝説3 NEOGEO 動作確認済 SNK;https://jp.mercari.com/item/m83920686568;¥1,399;ON_SALE;2026-05-05 10:22 UTC;
餓狼伝説3 NEOGEOCD ソフト;https://jp.mercari.com/item/m15885536175;¥2,500;ON_SALE;2026-05-05 06:57 UTC;
【未開封☆ネオジオCDソフト】　餓狼伝説3;https://jp.mercari.com/item/m27233202444;¥2,500;SOLD_OUT;2026-05-04 05:41 UTC;ネオジオCDソフト　 餓狼伝説3(CD-ROM) 発売日1995/04/28 定価9,680円 メーカーSNK 型番NGCD-069  フイルムは取っていませんがシールの剥した後に汚れがあります。
餓狼伝説3 NEO GEO CD;https://jp.mercari.com/item/m84676097393;¥1,999;ON_SALE;2026-05-04 01:54 UTC;
中古レトロゲーム　餓狼伝説3 NEO GEO;https://jp.mercari.com/item/m38312624947;¥780;SOLD_OUT;2026-05-03 07:18 UTC;アクションゲーム「餓狼伝説3」、NEO GEO専用、説明書付き。  動作確認は出来ておりません。 傷や汚れについては写真にて確認願います。 シール跡などあります。  - タイトル: 餓狼伝説3 - プラットフォーム: NEO GEO - ジャンル: アクション - 付属品: 説明書、ケース、ディスク - 言語: 日本語  中古商品にてご理解いただきご検討願います。  ご覧いただきありがとうございます。
NEOGEO「餓狼伝説3公式―秦の秘伝書」攻略本;https://jp.mercari.com/item/m50752016438;¥580;SOLD_OUT;2026-01-27 01:53 UTC;「餓狼伝説3公式―秦の秘伝書」  若干の汚れがありますので、ご了承頂ければ幸いです。    #アスキー #本 #生活／諸芸・娯楽  #NEOGEO #餓狼伝説  #レトロゲーム
NEO GEOCD ネオジオCD 餓狼伝説3 海外版 FATAL FURY 3;https://jp.mercari.com/item/m99801017244;¥3,300;ON_SALE;2026-04-23 07:57 UTC
【新品】ニンテンドースイッチソフト アケアカNEOGEO セレクション Vol.9;https://jp.mercari.com/item/2JJVZ9WQkMrXSvtxKGUhkA;¥4,990;SOLD_OUT;2025-12-18 02:19 UTC;
★餓狼伝説3 Road to the Final Victory;https://jp.mercari.com/item/m75690078961;¥1,888;ON_SALE;2026-04-29 11:41 UTC;
【中古】ゲーム雑誌 ネオジオ通信 1995年5月12・19日号増刊;https://jp.mercari.com/item/2JJgmvMnPGuEuvPwaQt9RZ;¥2,400;SOLD_OUT;2025-12-22 10:21 UTC;
★ NEOGEO ネオジオ CD 5枚セット ★;https://jp.mercari.com/item/m90437736493;¥4,980;SOLD_OUT;2026-04-26 11:29 UTC;ご覧いただきありがとうございます(^-^)  ◎ 龍虎の拳2  ◎ ザ・キング・ファイターズ'94  ◎ サムライスピリッツ 斬紅郎無双剣  ◎ 真サムライスピリッツ  ◎ 餓狼伝説3  ★経年劣化、スレ痕、汚れ、ケース割れ、ディスク傷、セロテープ剥がれ痕がございます。 古いホコリっぽい匂いがします。 細かいことが気になる方はご遠慮ください。  ★お値下げ、バラ売り、お取り置き不可となります、ご了承ください。   ★即購入、無言購入 大歓迎です！ ゆうゆうメルカリ便→らくらくメルカリ便に変更する場合がございます。ご了承ください。  ※お知らせ※ 基本、毎週金曜日の発送になります。 (毎週木曜日
【即購入ok】NEOGEO 餓狼伝説3;https://jp.mercari.com/item/m74482627864;¥17,000;SOLD_OUT;2026-04-26 01:18 UTC;ご覧いただきありがとうございます。    動作確認済み    NEOGEO（ROMカセット版）『餓狼伝説3 ROAD TO THE FINAL VICTORY』です。  緻密なドット絵と独特の世界観で今なお愛される、シリーズの転換点となった名作です。    実機にてタイトル画面までの起動、および数分間のプレイによる動作確認済みです。    【セット内容】    ・NEOGEO専用ロムカセット『餓狼伝説3』  ・専用ケース  ・取扱説明書    【商品の状態】  ケースには少しキズあります。    すり替え防止のため、返品・返金は受け付けておりません。    30年近く前のレトロゲームであること
★動作確認済★ネオジオCD 餓狼伝説3 帯付き;https://jp.mercari.com/item/m13689137535;¥1,580;SOLD_OUT;2026-04-25 12:16 UTC;★まとめ買い以外の単品の値引きは行っておりませんので、単品の値引き交渉してくる方への対応は控えさせていただきます。  ★まとめ買いされる場合も商品の組み合わせや金額によっては申請を了承できない場合がありますので、ご了承ください。    動作確認済です。  ディスクの前面に少し汚れがありますが、下手に触ると恐いので、このまま発送します。  ご理解頂ける方へお譲りします。    他にもネオジオCDソフトを出品しています。    #NEOGE #ネオジオ #SNK #格闘ゲーム #餓狼伝説
餓狼伝説3 ROAD TO THE FINAL VICTORY ネオジオ;https://jp.mercari.com/item/m56792497731;¥16,500;SOLD_OUT;2026-04-25 00:56 UTC;対戦格闘ゲームの名作、餓狼伝説3。  - タイトル: 餓狼伝説3 ROAD TO THE FINAL VICTORY - メーカー: SNK - ジャンル: 対戦格闘 - 対応機種: NEOGEO - 言語: 日本語 -取説付き 注)パッケージ留め具破損してます！  ご覧いただきありがとうございます。
SNK NEOGEOロム　餓狼伝説3;https://jp.mercari.com/item/m25999827791;¥22,000;SOLD_OUT;2026-04-24 20:46 UTC;SNK NEOGEOロム　 「餓狼伝説3」になります。  箱+ロム+取扱説明書  ●状態： 動作確認済みです。 年代物のため多少の傷スレはありますが状態は良い方だと思います。 写真にてご判断ください。  ●その他、注意事項： こちらの商品は即購入していただいて構いません。 中古品ということをご理解の上ご検討ください。
NEO GEO CD 餓狼伝説3 ー遥かなる闘いー ROAD TO THE FINAL VICTORY  SNK ネオジオCD;https://jp.mercari.com/item/2JQEjQMUzKczLCidXErjq9;¥1,620;ON_SALE;2026-04-23 11:02 UTC;
【ネオジオ本体 ソフト12本 ファイティングスティック メモリーカード セット】;https://jp.mercari.com/item/m52065725689;¥380,000;SOLD_OUT;2026-04-20 09:21 UTC;※プロフ必読お願い致します！  【ネオジオ本体】 【ソフト12本】 【ファイティングスティック】 【メモリーカード】  ⚠️今の所バラ売りは考えておりません！  【ネオジオロム本体】  ⚠️数十年前のレトロゲーム機ですので使用感（スレなど）は当然御座います。付属のレバーもスティック（握り玉部分）もヒビの様な物が見えますが（触って当たる様な感触は無し）使用に全く支障御座いません。  ⚠️現在のHDMI端子しか無いテレビで使用するためには、別途変換アダプタが必要です。コンポジット→HDMI変換コンバーター等（メルカリ内でも数百円で購入可能）  〘レトロゲーム機を出品すると良く型番が一致しているかの
餓狼伝説3 サウンドトラック;https://jp.mercari.com/item/m78302303549;¥1,200;ON_SALE;2025-06-05 14:21 UTC;
餓狼伝説3 NEO GEO CD ソフト;https://jp.mercari.com/item/m89566416306;¥1,666;SOLD_OUT;2026-04-18 10:41 UTC;餓狼伝説3 NEO GEO CD ソフト   餓狼伝説3 ファイナルバウト NEO GEO CD  対戦型格闘ゲームの名作、餓狼伝説3 ファイナルバウトのCD版です。  - タイトル: 餓狼伝説3 ファイナルバウト - プラットフォーム: NEO GEO - ディスク形式: CD - ジャンル: 対戦型格闘ゲーム - 発売元: SNK  ワンオーナー品  中古購入品ではありません  帯あり  #餓狼伝説 #餓狼伝説3 #ネオジオ #ネオジオCD
【動作確認済】NEOGEO 餓狼伝説3 説明書付;https://jp.mercari.com/item/m23576089352;¥18,100;SOLD_OUT;2026-04-17 16:31 UTC;ご覧いただきありがとうございます。    実家の整理に伴い、当時遊んでいたコレクションを順次出品しております。    NEOGEO（ROMカセット版）『餓狼伝説3 ROAD TO THE FINAL VICTORY』です。  緻密なドット絵と独特の世界観で今なお愛される、シリーズの転換点となった名作です。    実機にてタイトル画面までの起動、および数分間のプレイによる動作確認済みです。    【セット内容】    ・NEOGEO専用ロムカセット『餓狼伝説3』  ・専用ケース  ・取扱説明書    【商品の状態】    端子部分： 磨耗や腐食がほとんど見られない極めて良好なコンディションです。
ネオジオ ソフト 15本 + ALL ABOUT SNK対戦格闘ゲーム;https://jp.mercari.com/item/m41671661989;¥200,000;SOLD_OUT;2026-04-17 14:49 UTC;ネオジオ ソフト 15本 + ALL ABOUT SNK対戦格闘ゲーム  1:キング・オブ・ザ・モンスターズ紙パケ 2:キング・オブ・ザ・モンスターズ2 3:餓狼伝説 4:餓狼伝説2 5:餓狼伝説スペシャル 6:龍虎の拳 7:龍虎の拳2 8:ワールドヒーローズ 9:ワールドヒーローズ2 10:ワールドヒーローズ ２JET 11:サムライスピリッツ 12:真サムライスピリッツ覇王丸地獄変 13:THE KING OF FIGHTERS 94 14:THE KING OF FIGHTERS 95 15:THE KING OF FIGHTERS 96  １９９１-２０００年のSNK各ゲーム紹介オープ
ネオジオ ロム 9本＋スイッチ 限定版1本 NEOGEO;https://jp.mercari.com/item/m80317421281;¥155,000;SOLD_OUT;2026-04-13 07:46 UTC;【新品〜並品】ネオジオ ロム 9本 ＋ スイッチ 限定版 1本 となります。  コレクター引退にあたり、今までのコレクションを放出します。 現在では入手が困難な商品もあります。 動作確認はしておりません。  ①レイジオブザドラゴンズ    スイッチ 限定版 新品未開封 ②KOF97 美品 ③KOF96 美品 ④KOF95 良品 ⑤餓狼伝説3 美品 ⑥餓狼伝説2 並品 中箱プラに一部ワレ ⑦餓狼伝説sp 良品 ⑧サムライスピリッツ 美品 ⑨真サムライスピリッツ 並品 箱ビニールシワ ⑩龍虎の拳2 美品   ※差し替え防止の為、返品不可としてます。 ※状態等に関する不明点は購入前にコメントをお願い
NEOGEO／餓狼伝説3;https://jp.mercari.com/item/2JG9Vm6Q4zZhSEVSKUM9HJ;¥895;SOLD_OUT;2025-10-27 07:41 UTC;
SNK NEOGEO ソフトまとめ キングオブファイターズサムスピ 餓狼伝説3;https://jp.mercari.com/item/m17856925948;¥7,000;SOLD_OUT;2026-04-12 12:29 UTC;SNK NEOGEO CDソフト4本セットです(^^)  ・THE KING OF FIGHTERS ’95 ・THE KING OF FIGHTERS ’96 ・サムライスピリッツ 斬紅郎無双剣 ・餓狼伝説3 ROAD TO THE FINAL VICTORY  ケース・ディスクともに大きな破損はありませんが、多少のスレなどあります。 本体がないため動作未確認です。  コレクションやレトロゲーム好きの方におすすめです(^^)  #SNK #NEOGEOCD
【中古】(非常に良い)餓狼伝説3 NCD 【NEOGEO】;https://jp.mercari.com/item/Wf3BwGEhXVkgk2abYJpaGX;¥6,313;ON_SALE;2025-05-16 05:40 UTC;
中古品　ネオジオCD版　餓狼伝説３;https://jp.mercari.com/item/YjsCXPGkh78h42hydyxnLM;¥1,555;ON_SALE;2025-07-31 04:09 UTC;
ネオジオ CD用ソフト 格闘ゲーム12本セット+オマケ3本 計15本 バラ売可;https://jp.mercari.com/item/m72128546437;¥30,600;SOLD_OUT;2025-05-25 17:11 UTC;ネオジオCD用ソフト  格闘ゲーム12本+オマケ3本  計15本セット (バラ売OK) ディスク、ケース、説明書のみ 帯、ハガキ等はありません  幼少期に遊んでいましたが、本体が壊れてから何十年も遊んでいない為出品します。 全体的にケース、ディスクに擦り傷あり。 現在本体未所持のため、動作確認不可 KOF94・97・餓狼伝説3 ケース割れ有り こちらはオマケの3本になります (16・18・19番の写真確認願います)  ・風雲黙示録格闘創世            ケース、ディスク 擦り傷有り  ・ワールドヒーローズ        ケース、ディスク 擦り傷有り  ・幕末浪漫 月華の剣士      
NEO GEO 本体 + ゲームソフト3本セット;https://jp.mercari.com/item/m11665918818;¥68,000;SOLD_OUT;2026-04-06 03:15 UTC;NEO GEO本体、コントローラー、ACアダプター、AVケーブル付き。  - ブランド: NEO GEO - 付属品: コントローラー、ACアダプター、AVケーブル - ゲームソフト: 3本餓狼伝説スペシャル　龍虎の拳 龍虎の拳2 - モデル: NEO GEO 本体  30年以上前の物です、シリアルナンバーも1から始まっていました。裏のゴム足や配線のゴム類にもダメージ無さそうです。  AV出入力の環境が無いので完璧なチェックができておりません。 本体フロントにヘッドホン入力がありましたのでそこを使っての動作確認はできました。 立ちあがりや技の入力もスムーズに行えました。  箱や発泡スチロール部
【中古】ポスター B2ポスター(八つ折) テリー・ボガード(表紙イラスト) 「リアルバウト餓狼伝説」 ネオジオフリーク 1996年3月号 付録;https://jp.mercari.com/item/2JPS9u5KYqAHodsnhK5Acw;¥920;ON_SALE;2026-04-05 20:28 UTC;
【中古-非常に良い】餓狼伝説3 NG 【NEOGEO】;https://jp.mercari.com/item/Up64CB8xrwJVLVBMwXCmK9;¥35,886;ON_SALE;2024-11-07 06:26 UTC;
【美品/シリアル若番】ネオジオCD 本体セット コントローラプロ2個＋ソフト6本;https://jp.mercari.com/item/m38974206624;¥59,800;ON_SALE;2026-04-04 07:02 UTC;
【非売品ポスター4枚セット】ザ・キング・オブ・ファイターズ　餓狼伝説3 etc;https://jp.mercari.com/item/m84436750289;¥23,300;SOLD_OUT;2025-06-06 23:42 UTC;ネオジオ　格闘ゲーム 非売品　店頭用販促ポスター  THE KING OF FIGHTERS   ザ・キング・オブ・ファイターズ ’95   ザ・キング・オブ・ファイターズ ’96 餓狼伝説３ ART OF FIGHTING　龍虎の拳 外伝 ポスター４枚セット  当時物です。丸めて長期自宅保管してました。 未使用ですが、経年劣化等を考慮して未使用に近いとさせて頂きました。（裏面に多少のヤケ、シミなどがある場合があります） なお、経年劣化による細やかなスレ凹み傷汚れ、素人検品による見落とし等ある場合もございますが商品の性質上ご容赦ください。  一度人の手に渡ったものであることをご理解いただき、神
餓狼伝説3 ～遥かなる闘い～と攻略本のセット　ネオジオCD;https://jp.mercari.com/item/m92185707340;¥4,000;ON_SALE;2026-02-23 07:31 UTC;
新品 アケアカNEOGEO セレクション Vol.9 -Switch;https://jp.mercari.com/item/2JMsLzyBAxj6RxyzfNAB3W;¥6,764;ON_SALE;2026-03-02 13:18 UTC;
【中古】攻略本NEOGEO ≪対戦格闘ゲーム≫ 餓狼伝説3 公式～秦の秘伝書～;https://jp.mercari.com/item/cHYmzvQrrUdYTvVDawYEjc;¥1,800;ON_SALE;2025-07-09 03:21 UTC;
餓狼伝説3 遥かなる闘い【新品未開封・NGCD日本版】;https://jp.mercari.com/item/m72461271743;¥17,300;ON_SALE;2026-03-28 04:37 UTC;
【CD】餓狼伝説3 サウンドトラック NEOGEO;https://jp.mercari.com/item/m73388291322;¥1,480;SOLD_OUT;2026-01-22 17:09 UTC;中古品。 盤面に傷が多くありますが、再生は問題ありませんでした。  傷などの感じ方は個人によって異なりますので、ご購入された際はご了承いただいたものとしてお取引させていただきます。
餓狼伝説3 ROAD TO THE FINAL VICTORY　NEO GEO;https://jp.mercari.com/item/m66815005543;¥18,500;SOLD_OUT;2026-03-27 10:38 UTC;餓狼伝説3は、リアルバトルアクションゲームで、2人対戦が可能なNEO GEO専用ソフトです。  - タイトル: 餓狼伝説3 ROAD TO THE FINAL VICTORY - ジャンル: リアルバトルアクションゲーム - 対応機種: NEO GEO - 発売元: SNK - プレイヤー数: 2P対戦可能  箱有り、説明書無し。 雑誌で掲載されていた技表があったため同封します。 必要なければ捨ててください。 一応、動作確認済みです。 傷や汚れ具合は、写真を参考にしてください。 中古品にご理解のある方のみ、ご購入ください  ご覧いただきありがとうございます。
N*u様 ネオジオCDゲームセット;https://jp.mercari.com/item/m50583351790;¥3,500;SOLD_OUT;2026-03-26 01:48 UTC;ネオジオCD用の人気ゲームタイトルが揃ったセットです。  - ゲームタイトル: ネオジオCDスペシャル - ゲームタイトル: 餓狼伝説3 - ゲームタイトル: サムライスピリッツ - ゲームタイトル: サムライスピリッツ斬紅朗無双剣 - ゲームタイトル: 真サムライスピリッツ   ご覧いただきありがとうございます。
【動作確認済】NEOGEO ROM本体セット＋名作格闘ゲーム6本＋攻略本4冊;https://jp.mercari.com/item/m50768028561;¥95,000;SOLD_OUT;2026-03-24 12:44 UTC;ご覧いただきありがとうございます。 当時一世を風靡した「NEOGEO（ネオジオ）ROMカセット版」の本体と、名作格闘ゲーム6本、コントローラー2個、メモリーカードなどが全て揃ったすぐ遊べるセットです。 ​長年大切にしてきましたが、整理のため出品いたします。 レトロゲームがお好きな方、当時の興奮を実機で味わいたい方にお譲りできれば嬉しいです。 今回はおまけとして、状態は良くありませんが、当時の貴重な【攻略本4冊】をお付けします。 ​■ 出品内容（写真のものが全てです） ​NEOGEO本体（動作確認済み） ​専用コントローラー × 2個 ​ACアダプター ​AVケーブル ​純正メモリーカード（★各
餓狼伝説3 ネオジオ CD NGCD-069 ( #4752 );https://jp.mercari.com/item/m23738818040;¥3,999;ON_SALE;2026-03-23 02:35 UTC;
帯付き‼️餓狼伝説3 ー遥かなる闘いー ネオジオCD専用ソフトNEOGEO;https://jp.mercari.com/item/m32096424772;¥1,299;SOLD_OUT;2026-01-26 12:43 UTC;素人自宅長期保管品  - タイトル: 餓狼伝説3 - ジャンル: アクションゲーム - プラットフォーム: NEO GEO - 特徴: リアルバトルアクションゲーム  帯付き・ケース・説明書セットです。  ◆即購優先、お値引きOK、まとめ購入OK  ◆目立った傷、汚れ等ございませんが、中古品としてご理解いただき、細部気になさらない方のみご購入下さい。  ・配送時の紛失・破損は責任を負いかねます。 ・トラブル防止の為、購入者様都合によるキャンセルはご遠慮下さい。  ゆうゆうポストミニにて匿名発送予定
メガドライブ 本体 16bit;https://jp.mercari.com/item/m39538916783;¥54,976;SOLD_OUT;2026-03-15 12:16 UTC;メガドライブ 本体 16bit    【動作確認済】  SEGA MEGA DRIVE 16BIT    スーパーモナコGPI II  ゴールデンアックス I - II  ソニック・ザ・ヘッジホッグ 2- 3  ファステスト・ワン　HUMAN  餓狼伝説  プロストライカー　PRO STRIKER  ブロックアウト    - SONIC 2 - 3  - SUPER MONACO GP I - II  - FATAL FURY  - GOLDEN AXE I - II  - FASTEST ONE  - BLOCK OUT 3D  - PRO STRIKER    SEGA MEGA DRIV
NEOGEO AES 本体　ワンオーナー　追加コントローラー/ソフト２本付;https://jp.mercari.com/item/m22688819129;¥112,000;SOLD_OUT;2026-03-08 05:02 UTC;ご覧いただきありがとうございます。  NEOGEO AES 本体一式、追加コントローラー、ソフト２本付 ・外箱 ・内箱(発報スチロール) ・NEOGEO本体 ・専用コントローラー１個、追加コントローラー（別購入） ・専用ＡＣアダプター ・専用ＡＶケーブル ・保証書（もちろん保証は切れております） ・取扱説明書 ・ソフト 　真サムライスピリッツ　覇王丸地獄変 　餓狼伝説スペシャル  2026/3/7に複数ソフトにて動作確認済み  約30年前に親に買ってもらったものです。 動作確認時、文字化けのような状態でしたが、本体からロムカセットを何度か抜差しする事で映像、音声共に正常に動作しました。  余談
餓狼伝説３　ネオジオCD レトロゲーム;https://jp.mercari.com/item/m22821588426;¥2,000;ON_SALE;2026-03-10 21:11 UTC;
NEOGEO餓狼伝説3 ROAD TO THE FINAL VICTORY;https://jp.mercari.com/item/m91558062550;¥17,010;SOLD_OUT;2026-03-08 03:15 UTC;ご覧いただきありがとうございます。 家庭用NEOGEOソフト。 個人所有の中古品です。  ソフト、ケース、説明書付  約30年前に購入したものですが、2026/3/7に動作確認しております。  暗所に保管しており、見た限りでは目立った傷は見当たらないですが、経年劣化による小傷や黄ばみなどはあるかもしれません。 キズ等は写真でご確認下さい。  アルコールでの拭き清掃は行っておりますが、多少の汚れはありますので気になる方はご遠慮下さい。  気になる点がある方は事前にコメントにて質問お願いします。
餓狼伝説3 NEO GEO CD ネオジオ 帯 説明書 付;https://jp.mercari.com/item/m61590433972;¥1,400;SOLD_OUT;2026-02-02 08:43 UTC;NEO GEO CD用のリアルバトルアクションゲーム、餓狼伝説3。  経年によるキズや汚れがあります。物理的な大きなダメージはありません。 古い商品になりますので、動作保証ができません。ジャンク品扱いでお願いします。  他にもレトロゲームを出品しておりますので、プロフィールよりご覧ください。  - タイトル: 餓狼伝説3 遥かなる戦い - ジャンル: リアルバトルアクションゲーム - プラットフォーム: NEO GEO CD - ディスク番号: NGCD-009 - 発売元: SNK - 状態: ディスク良好  ご覧いただきありがとうございます。  #ネオジオ #neogeo #100メガショ
餓狼伝説3 ROAD TO THE FINAL VICTORY;https://jp.mercari.com/item/m90764872740;¥18,500;SOLD_OUT;2026-03-09 06:05 UTC;バトルアクションゲームの名作、餓狼伝説3。  - タイトル: 餓狼伝説3 ROAD TO THE FINAL VICTORY - プラットフォーム: NEOGEO - ジャンル: バトルアクション - 対応人数: 2人 - 発売元: SNK  ご覧いただきありがとうございます。
NEO・GEO CD ネオジオCD ゲームソフト 餓狼伝説3 動作未確認 0129-401;https://jp.mercari.com/item/2JLQbz7xXcMLizQtwBF9Jd;¥699;SOLD_OUT;2026-01-29 05:07 UTC;
SNK NEOGEO-CD CD-T01 ネオジオ 本体　　ソフト3枚付き;https://jp.mercari.com/item/m68712115963;¥33,000;SOLD_OUT;2026-02-23 06:11 UTC;⚠️プロフ必ずお読みください⚠️ 動作確認できていません。通電はします。 ご理解あります方よろしくお願いいたします。  ご覧頂きありがとうございます。    購入前のコメントは不要ですので、そのままご購入ください！    ◯商品詳細◯  SNK NEOGEO-CD CD-T01 ネオジオ 本体 ➕ソフト3枚  ・THE KING OF FighterS 95 (ケースに傷あり、取説に破れあり) ・餓狼伝説3 ・サムライスピリッツ　(取説なし)    状態　  ・電源は入ります（写真の赤ランプ点灯を確認ください）  ・モーターの動いている音も確認しております。  ・所持しているテレビに赤黄白のケ
ネオジオ ソフト ロム　NEOGEO ROM 餓狼伝説3 SNK;https://jp.mercari.com/item/m93689613247;¥22,222;SOLD_OUT;2026-02-04 05:17 UTC;35年ほど前に購入したものになります。 餓狼伝説３ＲＯＡＤＴＯＴＨＥＦＩＮＡＬＶＩＣＴＯＲＹ ブランド：SNK
【新品/在庫あり】[ニンテンドースイッチ ソフト] アケアカネオジオ セレクション Vol.9 [HAC-P-BR3MA];https://jp.mercari.com/item/2JMmiN2jEdGeKroujfQEjN;¥5,390;SOLD_OUT;2026-02-28 09:10 UTC;
餓狼伝説3 ROAD TO THE FINAL VICTORY;https://jp.mercari.com/item/m54763178893;¥2,350;ON_SALE;2025-11-01 02:18 UTC;
日*4様 餓狼伝説3 ネオジオCD;https://jp.mercari.com/item/m56945989331;¥2,099;SOLD_OUT;2026-02-23 09:11 UTC;「餓狼伝説3 ネオジオCD」 定価: -  #ゲーム #アクション #ネオジオCD #Other
ネオジオ ソフト 16本 + メモリーカード+コントローラープロセット;https://jp.mercari.com/item/m13849285716;¥265,000;SOLD_OUT;2026-02-12 17:02 UTC;ネオジオ ソフト 16本 + メモリーカード+コントローラープロセット  メモリーカード 箱 スリーブ付き  1:ファイヤースープレックス 2:餓狼伝説 3:餓狼伝説2 4:餓狼伝説スペシャル 5:リアルバウト餓狼伝説スペシャル 完品 6:龍虎の拳 8:龍虎の拳2 9:ワールドヒーローズ ２JET 10:クイズ大捜査線 11:クイズ迷探偵 ネオ & ジオ クイズ大捜査線 PART2 112:クイズキングオブファイターズ 11:真サムライスピリッツ覇王丸地獄変 13:サムライスピリッツ斬紅郎無双剣 14:THE KING OF FIGHTERS 94 15:THE KING OF FIGHTER
【状態良★ネオジオCDソフト】　餓狼伝説3;https://jp.mercari.com/item/m79476008486;¥1,980;SOLD_OUT;2026-02-17 13:12 UTC;ネオジオCDソフト　 餓狼伝説3(CD-ROM) 発売日1995/04/28 定価9,680円 メーカーSNK 型番NGCD-069  ■帯、説明書、ディスク盤面は比較的綺麗な状態です(*^^*) 自宅にて長期保管していた為、パッケージケース表面に擦り傷などがあるかと思います。 また、自宅保管の中古品ということを、ご理解頂き画像参照の上、購入検討宜しくお願い致します。 神経質な方はご遠慮下さいm(_ _)m    ※素人検品なので小さな見落としがあった場合はご容赦ください。    メルカリ便にて匿名発送致します★    #レトロゲームソフト #ヴィンテージゲームソフト #ネオジオ #CDソフト
【中古】ニンテンドースイッチソフト アケアカNEOGEO セレクション Vol.9;https://jp.mercari.com/item/2JMHGZxYQVbvbLGRwtkMpp;¥5,800;SOLD_OUT;2026-02-17 09:26 UTC;
⭐️餓狼伝説3 NEOGEO CD;https://jp.mercari.com/item/m42257684304;¥1,380;SOLD_OUT;2026-01-15 07:36 UTC;餓狼伝説3は、進化したアクションゲームで、リアルバトル体験を提供します。  - ゲームタイトル: 餓狼伝説3 - プラットフォーム: NEOGEO - ディスクタイプ: CD - ジャンル: アクションゲーム - 発売年: 1995  ご覧いただきありがとうございます。
ネオジオCD 餓狼伝説3 NEOGEO SNK ソフト　当時物　アーケード CD;https://jp.mercari.com/item/m63811260219;¥1,000;SOLD_OUT;2026-02-15 12:42 UTC;ハードがない為動作確認出来てません。  盤面状態は画像参照してください。  説明書やや黄変しております。   非喫煙、非ペット環境です。  画像追加状態確認など歓迎です、ご確認されない場合での購入後の対応一切致しません。  状態は画像よりご判断ください、一度人の手に渡った物ですので神経質な方の購入お控えください。  すり替え防止の為返品不可です。
餓狼伝説3 NEO-GEO CD　ポスター;https://jp.mercari.com/item/m84204880663;¥3,500;ON_SALE;2026-01-21 09:28 UTC;
SNK NEO-GEO 本体+ソフト16本+コントローラーのセット　ジャンク扱い;https://jp.mercari.com/item/m49097408974;¥120,000;SOLD_OUT;2026-02-15 05:41 UTC;ご覧いただきありがとうございます。  SNKのNEO-GEO 本体、ゲームソフト16本、ネオジオCDコントローラープロのセット、バラ売り不可です。  商品の状態は写真でご確認ください。  画面出力画像はありませんが、一応動作確認を行いゲームプレイを問題なく出来る事を確認いたしました。 30年位前の商品となりますのでジャンク品とさせていただきます。  ゲームソフトは ・餓狼伝説 ・餓狼伝説スペシャル ・サムライスピリッツ ・龍虎の拳2 ・KOF94、95、96、97、98 ・真サムライスピリッツ ・ワールドヒーローズ2ジェット ・リアルバウト餓狼伝説 ・リアルバウト餓狼伝説スペシャル ・餓狼伝説
【中古】ゲームミュージックCD SNK ARCADE SOUND DIGITAL COLLECTION VOl.11;https://jp.mercari.com/item/2JMAcHBFJZRhgeAWe94JYu;¥2,000;ON_SALE;2026-02-14 19:45 UTC;
ネオジオCD 餓狼伝説3 -遥かなる闘い-NEO GEO ソフト;https://jp.mercari.com/item/m66229721896;¥888;SOLD_OUT;2026-02-14 03:40 UTC;ご覧いただきありがとうございます。  倉庫の清掃時に見つけました。 自宅保管していた品です。 ＊段ボール梱包   ●状態：こちらは使い込みレベルの高いお品です 　　　　動作の確認はできました。 　　　　（所有のネオジオCDにて） 　　　　付属するのはディスク１枚と、解説書 ●カバー：あり、帯なし ●ヤケ：なし ●ヨレ：あり、解説書には使い込みのヨレ、ヘタリがございます ●スレ：あり、ケース表面、ディスク面には細かいすり傷がございます ●折り目：なし ●書き込み：なし ●その他、注意事項： 素人確認につき、細かい点の見落としにはご容赦願います。 長期保管しておりますので経年劣化はしているものと思
[IM] NEOGEO　ゲームソフト　格闘ゲーム 11点セット　現状品　動作未確認;https://jp.mercari.com/item/2JL3pRXLc9LBjcYDSuyRTT;¥11,500;SOLD_OUT;2026-01-21 04:29 UTC;
ネオジオ本体ロムソフト3本付き(UNI-BIOSt付き)NEOGEOROM当時物;https://jp.mercari.com/item/m98261053013;¥75,800;SOLD_OUT;2026-01-20 11:32 UTC;画像の物全てです、映像も音も問題無く使える事を確認しました、  テレビに繋ぐだけで遊べるセットです、ソフト3本とも端子は綺麗です。    ★ご注目★  本体のBIOSロムはソケット化してますので取り外し可能です  UNI-BIOS4.0もお付けします(写真最後の物)  交換するには分解が必要です、交換は受け取り評価後に自己責任でお願いします。  (画像参照「－」のドライバーで左右から少しずつ抜くと良いです)    ■出品物■  ・NEOGEOロム本体(ソケット化済み)  ・電源アダプタ  ・ソフト3本(餓狼伝説スペシャル/龍虎の拳2/真サムライスピリッツ)  ・純正コントローラー1個  ・テレ
ネオジオ CD ソフト餓狼伝説3 ザ・キング・オブ・ファイターズ’94 ‘95;https://jp.mercari.com/item/m89544257122;¥3,900;SOLD_OUT;2026-01-15 16:52 UTC;ご訪問いただきありがとうございます！  [NEOGEO CD ゲームソフト] ①餓狼伝説3 ② ザ・キング・オブ・ファイターズ '94 ③ ザ・キング・オブ・ファイターズ '95  [おまけ] 龍虎の拳 サウンドトラック   【状態】 中古。 動作確認済み。  即購入歓迎です。 よろしくお願いいたします。
ネオジオCD　餓狼伝説3;https://jp.mercari.com/item/m19270654115;¥900;SOLD_OUT;2025-12-29 17:39 UTC;ネオジオCD 餓狼伝説3   中古品　ケース・説明書付き  ケースに経年のスレがありますが、他に 目立つイタミはありません。
PS2 ソフト NEOGEOオンラインコレクション Vol.5 餓狼伝説バトルアーカイブズ1 SNK(エスエヌケイ);https://jp.mercari.com/item/bAvN3pkjg3x6duxqpyBRjY;¥6,280;SOLD_OUT;2025-04-12 03:41 UTC;
【中古】アーケード NEOGEO (MVS)用基板 餓狼伝説3 -遥かなる闘い- [基板のみ];https://jp.mercari.com/item/NJxAyXruN24PL2kw9LrUin;¥9,100;SOLD_OUT;2025-06-16 08:28 UTC;
【ネオジオソフト】餓狼伝説3 ROAD TO THE FINAL VICTORY;https://jp.mercari.com/item/m76082722739;¥11,000;SOLD_OUT;2026-02-01 09:30 UTC;ネオジオソフト　 餓狼伝説3 ROAD TO THE FINAL VICTORY(ROMカセット)  発売日1995/04/21 定価35,200円 メーカーSNK 型番NGH-069  ■自宅にて長期保管していた為、パッケージケースは一部汚れ、破れ、擦り傷などがございます。 取説には画像掲載以外のページにも書込みが多々ございますm(_ _)m 自宅保管の中古品ということを、ご理解頂き画像参照の上、購入検討宜しくお願い致します。神経質な方はご遠慮下さいm(_ _)m    ※素人検品なので小さな見落としがあった場合はご容赦ください。    メルカリ便にて匿名発送致します★    #レトロゲーム
餓狼伝説3 ネオジオCD;https://jp.mercari.com/item/m15077952465;¥999;SOLD_OUT;2026-01-20 10:40 UTC;ご覧頂きありがとうございます。 ネオジオCDソフト 餓狼伝説３-ROAD TO THE FINAL VICTORY です。 新品購入後、数回プレイした程度ですが、自宅にて長期間保管していた物になりますので ケースにすり傷など有ります。 本体がない為、動作は未確認です。 商品の状態は画像でご確認お願いします。 よろしくお願いします。  ネオジオ ネオジオCD NEO GEO アーケード   - タイトル: 餓狼伝説3 ROAD TO THE FINAL VICTORY - ブランド: SNK - プラットフォーム: NEO GEO CD - ジャンル: 格闘ゲーム - リリース年: 1995 -
1-085 ネオジオCD 餓狼伝説3 帯付き;https://jp.mercari.com/item/2JL9SX6E3dAsLZyg5x4K2v;¥600;SOLD_OUT;2026-01-23 08:33 UTC;
[完品]餓狼伝説3 NEO GEO CD;https://jp.mercari.com/item/m28749569494;¥3,999;ON_SALE;2026-01-28 15:32 UTC;
【中古】ゲーム雑誌 付録付)ゲームチャージ 1995年3月号 VOL.12;https://jp.mercari.com/item/2JLJVCreBJAKfBb2g4wduf;¥2,600;SOLD_OUT;2026-01-26 20:24 UTC;
(帯付き) 餓狼伝説3 ネオジオCD;https://jp.mercari.com/item/m16884493808;¥1,400;SOLD_OUT;2026-01-18 09:37 UTC;進化したグラフィックと多彩なキャラクターが魅力の格闘ゲーム。  - タイトル: 餓狼伝説3 - プラットフォーム: NEO-GEO CD - ジャンル: 格闘 - 発売年: 1995 - 特徴: 進化したグラフィックと多彩なキャラクター - ディスクタイプ: コンパクトディスク  ご覧いただきありがとうございます。
Neo Geoソフト　餓狼伝説3 & REAL BOUT 2本セット;https://jp.mercari.com/item/m29403495015;¥3,900;ON_SALE;2025-10-11 11:35 UTC;
希少《ネオジオROM》餓狼伝説3 遥かなる闘い 箱説付 動作確認済;https://jp.mercari.com/item/m63831518773;¥18,800;SOLD_OUT;2025-12-15 08:09 UTC;状態は画像よりご確認ください。  ※備品にて動作は確認済です。  商品は中古品・保管品となりますので、 動作トラブルには保証できません。 ご理解ある方のみご購入下さい。 完璧を求める方や神経質な方はご遠慮下さい。  画像の物が全てとなります。  古い物である事をご理解の上ご購入ください。  写り方により画像と実物の色合いが異なる場合がございます。  気になる点がございます場合は購入前に質問頂けますようお願いいたします。  m25121510
【帯付き・中古】餓狼伝説3 ー遥かなる闘いー ネオジオCD専用ソフトNEOGEO;https://jp.mercari.com/item/m31886082384;¥1,900;SOLD_OUT;2026-01-12 03:02 UTC;- タイトル: 餓狼伝説3 - ジャンル: アクションゲーム - プラットフォーム: NEO GEO - 特徴: リアルバトルアクションゲーム  帯付き・ケース・説明書セットです。  ◆即購入可　お値引き不可  ◆目立った傷、汚れ等ございませんが、中古品としてご理解いただき、細部気になさらない方のみご購入下さい。  ◆動作確認済み　　　　画像4枚目、5枚目  ・配送時の紛失・破損は責任を負いかねます。 ・トラブル防止の為、購入者様都合によるキャンセルはご遠慮下さい。
週刊ファミコン通信別冊 ネオジオ通信 1995年5/12 19増刊 餓狼伝説３;https://jp.mercari.com/item/m55412190210;¥1,400;SOLD_OUT;2026-01-10 13:05 UTC;週刊ファミコン通信別冊 ネオジオ通信 1995年 5/12.19 増刊 餓狼伝説3  50ページ  新刊で購入し、自宅保管していました。 保管に伴う経年の痛みはありますが、一読しただけですので、中身は良い程度を 保っています。  写真をご確認頂きまして、ご検討よろしくお願いいたします。  完璧を、求められる方は、お控えください。  配送は、水濡れ等に気をつけて、らくらくメルカリ便で、発送させていただきます。  ご覧頂きまして、ありがとうございます。
【希少・レア】餓狼伝説3 ネオジオROM;https://jp.mercari.com/item/m79729233438;¥18,500;SOLD_OUT;2026-01-10 02:31 UTC;"ー遥かなる闘いー 餓狼伝説3 ROAD TO THE FINAL VICTORY  進化した伝説が、今ベールを脱ぐ‼ 宿命の街サウスタウンは、またしても餓狼達を呼び寄せた。 すべてを一新した新たな""餓狼伝説""が今始まる！ ●劇的なオープニング！ ●選択キャラは10人！ ●白熱の新システム！ ●強化された必殺技！ ●グラフィックも必見！  古い商品ですので経年劣化あります。 写真にて状態の判断をお願いします。 ※ケースに多少のへこみがあります(画像13枚目参照)。  発売年月日：1995/4/21 対応機種：ネオジオ(NEO GEO) メーカー：SNK プレイ人数：1人～2人 ジャンル：対戦格闘"
SNK ネオジオ ソフト7本セット;https://jp.mercari.com/item/m56931631716;¥200,000;SOLD_OUT;2026-01-07 12:15 UTC;ご覧いただきありがとうございます。 SNKのネオジオ専用カートリッジの格闘ゲームソフトの7セット。  - ブランド: SNK - ソフト名: 餓狼伝説3 - ソフト名: KOF '2000 - ソフト名: リアルバウト餓狼伝説スペシャル - ソフト名: KOF '2002 - ソフト名: 龍虎の拳 - ソフト名: ファイターズヒストリーダイナマイト - ソフト名: サムライスピリッツ斬紅郎無双剣  古いゲームソフトでパッケージ、説明書等に傷とかありますがカートリッジは良好で動作も問題ありません。 それではよろしくお願いします。
餓狼伝説3 SNK ネオジオ ソフト　値下げ相談OK⭐︎;https://jp.mercari.com/item/m11333409105;¥14,500;SOLD_OUT;2026-01-04 02:56 UTC;素人自宅長期保管品 説明書に少し折り目あり  値下げ相談OK⭐︎
餓狼伝説 3 サウンドトラック CD SNK ネオジオ　新世界楽曲雑技団　廃盤;https://jp.mercari.com/item/m71257163054;¥2,100;ON_SALE;2025-05-11 01:13 UTC;
NEO GEO CD ソフト 4本セット;https://jp.mercari.com/item/m70685067277;¥2,790;SOLD_OUT;2025-12-30 22:34 UTC;NEO GEO CDの人気タイトルが揃ったセット。  - ゲームタイトル: リアルバウト餓狼伝説 - ゲームタイトル: 餓狼伝説3 - ゲームタイトル: NEO GEO CD スペシャル - ゲームタイトル: 龍虎の拳2 - ディスク状態: 良好  ご覧いただきありがとうございます。
【ネオジオROM】餓狼伝説セットSNK 箱説付 動作確認済;https://jp.mercari.com/item/m21892507007;¥65,000;SOLD_OUT;2023-06-07 11:56 UTC;ネオジオROM4本セット  ・餓狼伝説2 ・餓狼伝説3 ・リアルバウト餓狼伝説 ・餓狼伝説スペシャル 箱、取説付 動作確認済  特筆する大きな傷・汚れなどは少なめの、通常中古商品です。 動作確認済。 写真に写っていない傷、痛み、汚れ、割れなどのダメージがある場合がございます。  ●発送は水濡れ防止対策としてビニールで包み、プチ＆リサイクルダンボールなどを使用し発送いたします。
ネオジオ通信　1995-5/12・19増刊;https://jp.mercari.com/item/m28736123699;¥6,859;ON_SALE;2024-06-05 05:19 UTC;
餓狼伝説3 ネオジオCD　希少;https://jp.mercari.com/item/m46613989239;¥2,900;ON_SALE;2025-10-25 15:29 UTC;
餓狼伝説 3 ネオジオ;https://jp.mercari.com/item/2JJwTU6rsL4J9SzGYM4EEF;¥25,480;SOLD_OUT;2025-12-28 02:23 UTC;
【年末いまだけセール】ネオジオCD すぐ遊べるセット;https://jp.mercari.com/item/m81843941436;¥23,400;SOLD_OUT;2025-12-26 04:11 UTC;ネオジオCDのすぐ遊べるセットです。 本体の動作確認はしてますが、蓋の開閉が悪く抑えないと動作が安定しません。 アーケードコントローラーは動作しましたが、 コントローラーは動作確認はできていません。 餓狼伝説3付きです。 ケースは外れていますが。 大丈夫な方よろしくお願いします。  #ネオジオCD
[動作確認OK] NEO-GEO 本体 + 餓狼伝説3 セット 取説無し;https://jp.mercari.com/item/m84766156115;¥70,000;SOLD_OUT;2025-12-26 06:19 UTC;NEO-GEO本体とコントローラ1つ、各種ケーブル類のセットです  ソフトは餓狼伝説3がセットとなります 通電とコントローラのボタン正常確認を行っております、出力したTVを撮影しているのでご覧ください  電源ケーブルとコンポジット接続ケーブルの接触が少し弱くなっていましたので、その点ご留意お願いします  箱はかなり汚く転売は難しいと思われますので、実際にプレイされるためのご購入でお願いします  本体の箱にそのまま送り状を貼ってお送りしますのでご了承お願いします  値引き関係のコメントには返答しませんのでよろしくお願いします  - ブランド: SNK - モデル名: NEO-GEO - 付属品:
地*図様 ネオジオフリーク 創刊号 1996年 ポスター付き;https://jp.mercari.com/item/m52019248259;¥5,500;SOLD_OUT;2025-05-15 11:10 UTC
NEO GEO 本体とコントローラー×２、メモリーカード、ゲームソフト7本セット;https://jp.mercari.com/item/m49943104174;¥175,000;SOLD_OUT;2025-12-18 04:09 UTC;NEO GEO本体とメモリーカードと7本のゲームソフト、コントローラー２台が揃ったセットです。 全て簡単に動作確認を行いまして問題ありません。 電源アダプター、テレビ出力ケーブルもあります。 カセットやコントローラーがごく稀にバグったり操作が効かないのは接触不良なので抜き差しで直ります。接点等は軽くクリーニングしました。 本体は化粧箱有りで、ソフトは5本は化粧箱、説明書有りで2本はカセットのみになります。 ソフトは… 餓狼伝説スペシャル 餓狼伝説２ 餓狼伝説３ リアルバウト餓狼伝説スペシャル ファイターズヒストリーダイナマイト ザ・キングオブファイターズ94 ザ・キングオブファイターズ95  
新品 Switch アケアカNEOGEO セレクション Vol.9 即購入OK;https://jp.mercari.com/item/m37015468378;¥6,000;SOLD_OUT;2025-12-17 01:16 UTC;Switch「 アケアカNEOGEO セレクション Vol.9　」  【早期購入特典】ゲームソフト収納ケース    【商品状態】新品 未開封   15時迄のご注文で本日出荷可能です。  ２４時間以内に緩衝材包装スピード配達ヤマトネコポス(ポスト投函・追跡可)にて迅速に出荷いたします。  即購入OKです。★お値下げ・専用はお断りいたします。      ＜収録タイトル＞  THE KING OF FIGHTERS 2001  餓狼伝説3 ～遥かなる闘い～  真サムライスピリッツ 覇王丸地獄変  得点王3 ～栄光への挑戦～  キング・オブ・ザ・モンスターズ  マジシャンロード  ワールドヒーローズ 
《SNK》★NEO-GEO/CD『餓狼伝説3 ～遥かなる闘い～』※中古品;https://jp.mercari.com/item/m64996254821;¥2,300;ON_SALE;2023-01-02 04:45 UTC;
【中古美品】NEO-GEO CDZ 本体 ＋ 餓狼伝説４本セット;https://jp.mercari.com/item/m35631652522;¥63,000;SOLD_OUT;2025-12-14 02:08 UTC;NEO-GEO CDZ本体、付属品一式、餓狼伝説ゲームソフト４本のセット。  - 本体モデル: NEO-GEO CDZ 　　　　　　SNKの家庭用ゲーム機「ネオジオCD」 　　　　　　の改良型モデル。初代ネオジオCDの 　　　　　　遅いロード時間を改善するため、 　　　　　　CDドライブが2倍速になり、本体も 　　　　　　小型化されたのが特徴。 - 付　属　品: コントローラー、電源アダプター、 　　　　　　S端子ケーブル(当時別途購入) - ネオジオCD:  餓狼伝説１ (レア？) 　　　　　 　 餓狼伝説２ (レア？) 　　　　　　  餓狼伝説３ 　　　　　　  餓狼伝説 SPECIAL 
NEO-GEO CD 本体 + ゲームセット　ネオジオCD;https://jp.mercari.com/item/m53766366952;¥35,000;SOLD_OUT;2025-09-13 03:20 UTC;NEO-GEO CD本体と人気ゲームタイトルがセット。  - モデル: NEO-GEO CD - ブランド: SNK - ゲームタイトル:  1.ネオジオCDスペシャル 2.ザ・キングオブファイターズ94 3.ザ・キングオブファイターズ95 4.ザ・キングオブファイターズ96 5.餓狼伝説3 6.龍虎の拳2 7.真サムライスピリッツ 8.サムライスピリッツ天草降臨 9.サムライスピリッツ斬紅郎無双剣 全て説明書あり 8以外は帯もあり  - 付属品: コントローラー2個, 電源アダプター, AVケーブル 電源が入る事は確認済です。 綺麗な状態ですが中古品ですので気になる方はご遠慮下さい。 またノ
SNK NEO-GEO 本体 コントローラー2 ゲームソフト7本;https://jp.mercari.com/item/m60635331132;¥148,000;SOLD_OUT;2025-12-14 04:30 UTC;ご覧いただきありがとうございます。 【商品概要】 SNKの名作アーケードゲームを家庭で楽しめるゲーム機NEO-GEO本体とコントローラー2個、メモリーカード、付属品とゲームソフト7本セットです。  付属ゲームソフト 1:龍虎の拳2 2:餓狼伝説スペシャル 3:サムライスピリッツ 4:真サムライスピリッツ　覇王丸地獄変 5:ワールドヒーローズ2 6:ファイヤー·スープレックス 7:得点王2 おまけ:攻略ブック  ゲーム機本体の外箱、取扱説明書はありませんが7本のゲームソフトは全て取扱説明書付きです。コントローラーのスティック部にはヒビがあります。商品の状態は添付画像にてご確認ください。 全てのゲ
SNK MVSアーケード用基盤当時実物4点セット　動作未確認ジャンクにて;https://jp.mercari.com/item/m94170093154;¥60,800;ON_SALE;2024-11-06 08:51 UTC;
餓狼伝説 2 3 サウンドトラック CD SNK ネオジオ　新世界楽曲雑技;https://jp.mercari.com/item/m98135168356;¥2,800;ON_SALE;2025-11-30 04:56 UTC;
餓狼伝説3 ROAD TO THE FINAL VICTORY NEOGEO SNK 〇;https://jp.mercari.com/item/2JHHk9GAHPC9VMREKiq3Ai;¥18,900;SOLD_OUT;2025-11-21 12:31 UTC;
NEOGEO CD 本体とゲームソフト4本ジャンク品;https://jp.mercari.com/item/m95063151236;¥18,000;SOLD_OUT;2025-12-10 06:15 UTC;NEOGEO CD本体とゲームソフト4本、コントローラー2つ付き。  - ブランド: NEOGEO CD - 付属品: ゲームソフト4本 - モデル名: NEOGEO CD 本体 - コントローラー: 2つのコントローラー - ゲームタイトル: 餓狼伝説3, 餓狼伝説, バーチャファイター, KOF94  ご覧いただきありがとうございます。 CDが回るときカタカタいいます。ゲームはできなかったりできたりします。ジャンク品なので治せる方お願いします
餓狼伝説3;https://jp.mercari.com/item/m98651117359;¥1,000;SOLD_OUT;2025-09-12 06:49 UTC;⭐️プロフィール必読  「餓狼伝説」 　説明書あり  何年か前に中古ショップで購入しました。 コレクション整理のため出品します。 ケースに細かいスレキズあります。素人検品なので見落としがあるかもしれません。 ポリメガにて動作確認はしていますが、お使いの本体によっては動作しない場合もあります。その旨ご理解のうえ御購入お願いいたします。ネオジオCD本体は所持していないため、動作するかは分かりません。  緩衝材に包んでネコポスで発送いたします。
新品未開封　SNK NEOGEO MINI ネオジオミニ　クリスマス限定セット;https://jp.mercari.com/item/m17625671056;¥19,500;SOLD_OUT;2025-12-07 15:40 UTC;新品未開封　未使用   定価23,220円(税込)  全世界15000台限定 「NEOGEO mini クリスマス限定版」従来より8タイトル多い48タイトル収録。  【内容物】 「本体」 「電源ケーブル」 「NEOGEO mini PAD(赤)（2個）」 「NEOGEO mini HDMIケーブル(赤)」 「NEOGEO mini ステッカー（7種）」 「NEOGEO mini HDスクリーンプロテクター(2枚)」 「NEOGEO mini 滑り止めパッド」 【収録タイトル】 ASO II -ラストガーディアン- NINJA MASTER’S ～覇王忍法帖～ THE KING OF FIGHT
sato様専用 餓狼伝説3;https://jp.mercari.com/item/m31096442676;¥18,999;SOLD_OUT;2025-12-07 12:38 UTC;sato様専用
ネオジオCD 本体 一式 動作確認済　おまけ餓狼伝説 / NEO-GEO CD;https://jp.mercari.com/item/m81949123542;¥26,000;SOLD_OUT;2025-12-06 04:08 UTC;ネオジオCD本体、コントローラー2個、電源ケーブル、赤白黄ケーブルのセットです。  動作確認済みです。すぐ遊べます。  付属の餓狼伝説3はおまけで付けます。（ケース、説明書なしのため）    - ブランド: SNK  - モデル名: NEO-GEO CD  - おまけ:餓狼伝説3    写真がすべてになります。    新品購入してこれまで自宅保管していたものになります。  もともとついていたと思われる赤白黄ケーブルが接続不良だったので、他の互換品に変えています。  開閉トレイの動きが若干渋くなっています。  写真10枚目の樹脂のギヤにグリス塗布すれば改善されると思うのですが、動きが若干渋いだけ
餓狼伝説3 ROAD TO THE FINAL VICTORY ネオジオCD;https://jp.mercari.com/item/m87902353577;¥1,100;SOLD_OUT;2025-10-29 13:35 UTC;ご購入前にプロフの確認をお願いいたします。  元々中古で購入しました。 プレイに問題のない程度の傷や汚れがございます。  よろしくお願いいたします。　   ケースヒビあり 帯あり ディスクは傷ありますが、プレイに問題無し   ネオジオ ネオジオCD NEO GEO アーケード       1995年リリースのNEO GEO CD用格闘ゲーム、餓狼伝説3。  - タイトル: 餓狼伝説3 ROAD TO THE FINAL VICTORY - ブランド: SNK - プラットフォーム: NEO GEO CD - ジャンル: 格闘ゲーム - リリース年: 1995 - 言語: 日本語  ご覧いただき
NEO-GEO CDZ 本体とジョイスティック×2 コントローラー×1セット;https://jp.mercari.com/item/m95024218983;¥59,800;SOLD_OUT;2025-11-19 06:38 UTC;NEO-GEO CDZ本体とコントローラー等のセット。  ·ネオジオCDＺ本体 ·ジョイスティック×1 (箱あり) ·ジョイスティック×1 ·コントローラー×1 (箱あり) - 付属品: 電源アダプター、AVケーブル   使用していない時はBOXに入れて大切に保管していました 本体の電源を入れてリアルバウト餓狼伝説3を使用し動作確認済みです  ※動作確認用のソフトは付属しません。 ※古い物になりますので、万が一到着後の不具合に関しましては対応や保証は致しかねます  送料は出品者負担となります   ご覧いただきありがとうございました
NEOGEO miniクリスマス限定版 [video game];https://jp.mercari.com/item/2JHgaRqrV4rgo4W2AcFM3K;¥26,600;ON_SALE;2025-11-30 08:08 UTC;
NEO GEO ネオジオ SNK 餓狼伝説3 CD;https://jp.mercari.com/item/m44423046655;¥800;SOLD_OUT;2025-11-30 07:32 UTC;■商品説明  NEO GEO ネオジオ SNK  餓狼伝説3 CDです。    ■商品詳細  動作未確認（本体なしのため動作確認できません）  目視ですが盤面は比較的きれいだと思います。  ディスクのみになります。  商品詳細は画像（写真）にてご判断いただければ幸いです。    ↓AI自動生成↓____________  - タイトル: 餓狼伝説3  - ブランド: SNK  - プラットフォーム: NEO GEO  - ジャンル: リアルバトルアクションゲーム  - ディスクの状態: 良好    ご覧いただきありがとうございます。    a3-6194
SNK 格闘ゲーム 5本セット まとめ売り;https://jp.mercari.com/item/m41351349434;¥1,500;SOLD_OUT;2025-11-30 02:04 UTC;SNK 格闘ゲーム 5本セット まとめ売り  本体が無いため動作未確認ですが読取面がキレイなので大丈夫だと思います。  SNKの人気格闘ゲーム5本セット、コレクター必見！  - ゲームタイトル: THE KING OF FIGHTERS’97 - ゲームタイトル: リアルバウト餓狼伝説スペシャル - ゲームタイトル: 餓狼伝説3 遥かなる闘い - ゲームタイトル: サムライスピリッツ覇王丸地獄変 - ゲームタイトル: サムライスピリッツ天草降臨  ご覧いただきありがとうございます。
餓狼伝説3 SNK NEOGEO CD 版;https://jp.mercari.com/item/m68515769535;¥5,100;ON_SALE;2025-07-06 11:01 UTC;
餓狼伝説3 NCD 【NEOGEO】;https://jp.mercari.com/item/2JHYNu5p6UGbHBuGJYRVdz;¥719;SOLD_OUT;2025-11-27 04:06 UTC;
■純正インスト+プラバン+取扱説明書+帯1本　餓狼伝説3　MVS　NEOGEO;https://jp.mercari.com/item/m74015378327;¥3,500;ON_SALE;2025-10-29 08:16 UTC;
【CDケース・ブックレット付・帯一部欠品・動作確認済・送料込】餓狼伝説スペシャル、リアルバウト餓狼伝説スペシャル、餓狼伝説2、餓狼伝説3 / SNK新世界楽曲雑技団 サウンドトラック 計4枚セット SNK サントラ まとめ売りOST CD;https://jp.mercari.com/item/4zi6qp5yCAXKTvMNcjUkiL;¥4,400;ON_SALE;2024-02-08 08:48 UTC;
中古 NEOGEO餓狼伝説3 ROAD TO THE FINAL VICTORY;https://jp.mercari.com/item/m75548769818;¥19,800;SOLD_OUT;2025-11-24 04:27 UTC;家庭用NEOGEOソフト。 個人所有の中古品です。  ソフト、ケース、説明書。  本体が無いため動作未確認。  キズ等は写真でご確認下さい。  非喫煙者ですが経年劣化により黄ばみなどがあります。 アルコールでの拭き清掃は行っておりますが、多少の汚れはありますので気になる方はご遠慮下さい。 (端子はエアダスターでの埃掃除のみです)  値引き交渉不可。  緩衝材を巻いて発送致します。
ML様 リクエスト 2点 まとめ商品;https://jp.mercari.com/item/m29321706965;¥1,980;SOLD_OUT;2025-11-19 13:42 UTC;リクエストありがとうございます。こちらはまとめ買い商品です。 2025年11月20日23時59分までに購入してください。  ■ 商品内容 ・龍虎の拳2　テクニカルマニュアル　NEOGEO　ネオジオ【やや傷や汚れあり】 ・餓狼伝説3攻略公式-奏の秘伝書-(初版発行) AYD8-8E【やや傷や汚れあり】
【NGCD】餓狼伝説3【ネオジオCD】;https://jp.mercari.com/item/m76120002186;¥1,999;ON_SALE;2024-09-01 06:19 UTC;
【希少】ネオジオCD 本体 フルセット ソフト 5枚付き すぐ遊べる;https://jp.mercari.com/item/m77247290130;¥29,990;SOLD_OUT;2025-11-08 09:02 UTC;〜 すぐ遊べる！人気のソフト5枚付き♡ 〜 希少★懐かしのゲーム機お譲りいたします！ 通電◎のみ確認で、 テレビでの動作未確認のため【ジャンク】品です。  ●内容 ・ネオジオCD本体、外箱 (ACアダプタ、コード類付き) ・コントローラー2個 ・得点王2 ・真サムライスピリッツ ・餓狼伝説3 ・THE KING OF FIGHTERS '94 ・THE KING OF FIGHTERS '95  ご覧いただきありがとうございます⑅◡̈*  ⚠️こちらの商品、通電確認済み◎ですが 実際にテレビでの《動作は未確認》となる為  【ジャンク品】として出品いたします。   また長期保管の為、外箱に経年劣
SNK NEOGEO MINI ネオジオミニ　クリスマス限定セット　新品未開封;https://jp.mercari.com/item/m23466392679;¥16,000;SOLD_OUT;2025-11-09 12:46 UTC;新品未開封】【送料無料】 数量限定の専用紙袋付き 定価23,220円(税込)  全世界15000台限定 「NEOGEO mini クリスマス限定版」従来より8タイトル多い48タイトル収録。  【内容物】 「本体」 「電源ケーブル」 「NEOGEO mini PAD(赤)（2個）」 「NEOGEO mini HDMIケーブル(赤)」 「NEOGEO mini ステッカー（7種）」 「NEOGEO mini HDスクリーンプロテクター(2枚)」 「NEOGEO mini 滑り止めパッド」 【収録タイトル】 ASO II -ラストガーディアン- NINJA MASTER’S ～覇王忍法帖～ THE 
ネオジオCD　餓狼伝説3;https://jp.mercari.com/item/m40676189993;¥1,900;SOLD_OUT;2024-01-21 12:45 UTC;NEOGEO CD専用ソフト【餓狼伝説3】です。  タイトル画面まで動作確認済み。  取説付き、オビ付き。  ケースに極小のスレがありますが、ほぼきれいな状態です。  ディスクはきれいな状態です。    他にもゲーム関連品を出品しています。  よろしければ一度のぞいてみてください。  #りきまるゲームズ    #SNK #ネオジオ #ネオジオCD #NEOGEO #NEOGEOCD
餓狼伝説3 - ROAD TO THE FINAL VICTORY - サウンド;https://jp.mercari.com/item/m31320801638;¥4,444;ON_SALE;2025-11-09 03:35 UTC;
PS2ソフト　ネオジオオンラインコレクション　餓狼伝説バトルアーカイブス1;https://jp.mercari.com/item/m88960243209;¥3,700;SOLD_OUT;2025-09-15 12:02 UTC;ネオジオオンラインコレクションとして発売された餓狼伝説バトルアーカイブス1になります。 餓狼伝説、餓狼伝説2、餓狼伝説スペシャル、餓狼伝説3が収録されています。  動作未確認のためご了承下さい。 個人的にパッケージにスレが多く見えるため、「やや傷や汚れあり」としましたが、中身に目立つ問題はございません。
餓狼伝説3 遥かなる闘い ネオジオ;https://jp.mercari.com/item/m82017313492;¥15,000;SOLD_OUT;2025-11-08 22:12 UTC;箱、ソフト、説明書に擦り傷や汚れなどの使用感があります。 付属品は写真の物で全てです。 動作未確認です。  餓狼伝説3 ROAD TO THE FINAL VICTORY NEOGEO SNK 餓狼3  ご覧いただきありがとうございます。
断*る様 SNK NEOGEO MINI ネオジオミニ　クリスマス限定セット;https://jp.mercari.com/item/m77996946359;¥16,600;SOLD_OUT;2025-09-11 18:46 UTC;【新品未開封】【送料無料】 数量限定の専用紙袋付き 定価23,220円(税込)  全世界15000台限定 「NEOGEO mini クリスマス限定版」従来より8タイトル多い48タイトル収録。  【内容物】 「本体」 「電源ケーブル」 「NEOGEO mini PAD(赤)（2個）」 「NEOGEO mini HDMIケーブル(赤)」 「NEOGEO mini ステッカー（7種）」 「NEOGEO mini HDスクリーンプロテクター(2枚)」 「NEOGEO mini 滑り止めパッド」 【収録タイトル】 ASO II -ラストガーディアン- NINJA MASTER’S ～覇王忍法帖～ THE
【ネオジオCD・NEOGEO CD】超鉄ブリキンガー他 ソフト31本セット;https://jp.mercari.com/item/m74665544478;¥250,000;ON_SALE;2025-06-30 14:00 UTC;
餓狼伝説3 NEO GEO CD-ROM 中古;https://jp.mercari.com/item/m61395532647;¥3,000;ON_SALE;2025-11-03 02:21 UTC;
NEOGEO 餓狼伝説3 ROAD OF THE FINAL VICTORY;https://jp.mercari.com/item/m39583887932;¥12,000;SOLD_OUT;2025-11-02 04:12 UTC;ご覧いただきありがとうございます。    『餓狼伝説3 ROAD OF THE FINAL VICTORY』     NEOGEO ROMカセット    ※動作確認済み    ⭐︎自宅保管品のため使用に影響ない程度の  使用感・経年劣化（傷、汚れなど）が  ありますのでご理解の程、よろしくお願い致します。
初心者様専用 SNK ネオジオ CD 餓狼伝説3 ポスター;https://jp.mercari.com/item/m81414392500;¥11,000;SOLD_OUT;2025-10-25 16:56 UTC;SNK NEO GEO CD 餓狼伝説3 ポスター B1サイズ。退色なし、概ね美品。  ご覧いただきありがとうございます。 ↓他のチラシ出品は↓ 　　#moji_ポスター
ネオジオCD 餓狼伝説3 & ザ・キング・オブ・ファイターズ94 セット;https://jp.mercari.com/item/m12538138269;¥1,400;SOLD_OUT;2025-10-16 05:51 UTC;個人保管ですのでケース、説明書にキズや汚れがあります。 ディスクは綺麗な方です。
餓狼伝説3 NCD 【NEOGEO】;https://jp.mercari.com/item/PANRhDp2MhgVw9Re8bnsSa;¥1,156;SOLD_OUT;2025-10-19 10:07 UTC;
NEOGEO ネオジオ miniクリスマス限定版;https://jp.mercari.com/item/YXC6C7zRWY5M7oGP7fhv5C;¥23,680;ON_SALE;2025-05-23 14:42 UTC;
【中古】餓狼伝説3 NG 【NEOGEO】;https://jp.mercari.com/item/vmttPzdXrKjHzVYLoCFxEf;¥58,416;ON_SALE;2024-11-18 04:09 UTC;
NEOGEO 餓狼伝説3 セガサターン販促用　ポスター　A4二つ折り;https://jp.mercari.com/item/m42403168972;¥2,000;SOLD_OUT;2025-10-18 02:18 UTC;餓狼伝説3 セガサターン販促用　ポスター　A4二つ折り  広告　フライヤー
ネオジオ ロムカセット 餓狼伝説3 サムライスピリッツ斬紅郎無双剣 2本セット;https://jp.mercari.com/item/m46829459413;¥31,800;SOLD_OUT;2025-10-11 13:34 UTC;ネオジオ ロムカセット 餓狼伝説3 サムライスピリッツ斬紅郎無双剣 2本セット NEO GEO ROM  商品状態ですが、餓狼伝説3の取説に少し使用感が見られ、パッケージ前面右下にスレが見られます。また、サムライスピリッツ斬紅郎無双剣のパッケージの全面右上部に少しだけ破れが見られます。その他特に状態は問題ないと思います。動作確認済みです。商品詳細は写真をご参照ください。よろしくお願いいたします。
新品未使用 ネオジオアーケードスティックプロ;https://jp.mercari.com/item/m84811786715;¥23,800;SOLD_OUT;2025-10-11 13:05 UTC;NEOGEO Arcade Stick PROです。 購入後、未使用のまま保管していました。 写真撮影の為、今回開封だけしました。  ネオジオソフト20本、隠しタイトル20本の 合計40本収録してあります。  ※ご注意下さい！ 隠しタイトルをプレイするには ネオジオアーケードスティックプロのサイト より解除キーをUSBメモリにダウンロードし 本体のロックを解除する必要がございます。 詳しくはサイトを参照して下さい。  収録タイトル ・ザ・キング・オブ・ファイターズ95 ・ザ・キング・オブ・ファイターズ97 ・ザ・キング・オブ・ファイターズ98 ・ザ・キング・オブ・ファイターズ99 ・ザ・キング
餓狼伝説3 NEO GEO CD;https://jp.mercari.com/item/m54113016491;¥1,160;SOLD_OUT;2025-09-22 05:49 UTC;NEO GEOCD用のアクションゲーム、餓狼伝説3。  - タイトル: 餓狼伝説3 - プラットフォーム: NEO GEOCD - ジャンル: 格闘アクション - 発売年: 1995 盤面に細かい傷があります 動作確認済み　　‼️まとめ売り大歓迎です。 コメント頂ければ対応します。
P*o様 NEOGEO 餓狼伝説3 ROAD OF THE FINAL VICT;https://jp.mercari.com/item/m72883133910;¥13,600;SOLD_OUT;2025-08-31 05:39 UTC;即購入歓迎！    ご覧いただきましてありがとうございます。    #SNK ネオジオ用ソフト「餓狼伝説3 遥かなる闘い」の出品です。    #動作確認済み。 #ソフト、多少の使用感有りますが擦り傷等無く綺麗です。 ヌ、ケースも同様です。 年代物ですので、取説書等の紙類は若干色あせ有るかな？？程度。 ★保管状態良のー品に成ります 絶滅危惧種ソフトに成ります、コレクションは如何でしょうか?  ★★【出品に有り、トラブル回避の為 カメラ、撮影状況、御覧の端末により若干の色違い等々ご理解上ご購入宜しくお願いします。 注意(近頃すり替え事故等有り、返品不可と致します。誠に申し訳有りません。出品時に動作
SNK NEO-GEO CD 本体 コントローラー2個 ソフト6本付き;https://jp.mercari.com/item/m39027341786;¥17,000;SOLD_OUT;2025-10-08 13:09 UTC;ご覧頂きありがとうございます。 格闘ゲームでお馴染みのレトロゲーム SNK NEO-GEO CD本体、 コントローラー2個  アナログスティックコントローラー1個 アナログケーブル　アダプタ　 6本のゲームソフト付きで出品させていただきます 残念ながら箱、説明書はありません  ソフトは 真サムライスピリッツ 餓狼伝説3 餓狼伝説スペシャル 龍虎の拳2 キングオブファイターズ95　 ワールドヒーローズ2 JET になります。  盤面は キングオブファイターズ95と餓狼伝説スペシャルに関してはキズ無しでとてもキレイな状態です 残りの4本に関してはキズアリになります  通電確認はできましたが作動確認
餓狼伝説3 ネオジオCD;https://jp.mercari.com/item/m81525334906;¥1,250;SOLD_OUT;2024-06-03 07:31 UTC;神経質で無い人にお願いします。
NEO GEO CD ネオジオCD 7点セット;https://jp.mercari.com/item/m89681924714;¥23,900;SOLD_OUT;2025-09-23 00:42 UTC;ケースに多少のスレ傷があります。 ディスクに写真には写らない程度の小傷があります。 中古品であることを念頭に置いて購入をご検討ください。  ・パズルバブル: 帯(半分)付きです。 ・ビューポイント(View Point):帯付きです。 ・ラストリゾート: 帯付きです。 ・ザキングオブファイターズ94: 帯付きです。 ・餓狼伝説3: 帯付きです。 ・キング・オブ・ファイターズ95:帯付きです。 ・REAL BOUT 餓狼伝説: 帯はありません。  Last Resort View Point Dead or Alive Fighters 94 Team Battle Hyper Shooting
美品★ 餓狼伝説シリーズセット　REAL BOUT　SPECIAL　ネオジオCD;https://jp.mercari.com/item/m34815704842;¥39,000;SOLD_OUT;2025-09-25 14:27 UTC;ご覧いただきありがとうございます！  美品★　餓狼伝説シリーズ  ネオジオCDソフト 7本セット プレイステーションソフト 2本セット SNK 格闘ゲーム  【NEOGEO CD】 - タイトル: 餓狼伝説　　(新品未開封) - タイトル: 餓狼伝説２　(新品未開封) - タイトル: 餓狼伝説３　(チラシ付) - タイトル: 餓狼伝説スペシャル - タイトル: リアルバウト餓狼伝説 - タイトル: リアルバウト餓狼伝説2 - タイトル: リアルバウト餓狼伝説スペシャル　(ハガキ付) ※全て帯付  【プレイステーション】 - タイトル: 餓狼伝説 ワイルドアンビション - タイトル: リアルバウ
餓狼伝説3 NCD 【NEOGEO】;https://jp.mercari.com/item/xgqS7JrgzSxaaTtDFndqUa;¥1,051;SOLD_OUT;2025-09-24 10:15 UTC;
ネオジオ ROM カセット17本セット;https://jp.mercari.com/item/m25868905893;¥250,000;SOLD_OUT;2025-09-13 00:33 UTC;ネオジオ ROM カセット17本セット   1:ザ・キング・オブ・ファイターズ94 2:ザ・キング・オブ・ファイターズ95 3:ザ・キング・オブ・ファイターズ96 4:ザ・キング・オブ・ファイターズ97 5:ザ・キング・オブ・ファイターズ2,000 6:餓狼伝説 7:餓狼伝説2 8:餓狼伝説スペシャル 9:餓狼伝説3 10:リアルバウト餓狼伝説 11:ワールドヒーローズ 12:ワールドヒーローズ2 13:ワールドヒーローズJET 14:ファイヤースープレックス 15:クロスソード 16:サムライスピリッツ 17:ファイターズヒストリーダイナマイト  メモリーカード コントローラー   動作確認
【中古】(非常に良い)餓狼伝説3 NG 【NEOGEO】;https://jp.mercari.com/item/2BVdZuStDwdctCWVNjnvJh;¥73,879;ON_SALE;2024-11-14 03:10 UTC;
未開封 ネオジオ CD 餓狼伝説3 匿名配送 SNK;https://jp.mercari.com/item/m29028799355;¥2,499;SOLD_OUT;2025-07-25 18:15 UTC;新品・未使用・未開封品になります。  水濡れ防止の為、OPP袋に包み 匿名配送のメルカリ便で発送いたします。  即購入オッケーです。  「餓狼伝説3 ネオジオCD」 定価: -  #ゲーム #アクション #ネオジオCD #Other
SNK　CD8枚セット　餓狼伝説　リアルバウト　キングオブファイターズ　KOF;https://jp.mercari.com/item/m29707265749;¥5,499;SOLD_OUT;2025-09-16 00:30 UTC;SNK CD8枚セットになります。 掲載写真にはセット内容と付属品がある物の写真を掲載しています。 写真掲載枚数の都合により現状の写真をあまり掲載出来ておりません。 KOF98以外のCDケースは交換しています。 読みづらいと思いますが、状態を記載させていただいておりますのでご確認をよろしくお願いいたします。  付属品等あり ・餓狼伝説３ 帯・ハガキ有    （ディスク：ほんの少しキズ有）    （帯に少し日焼け、歌詞カード表紙側右に少しよれ有り） ・リアルバウト餓狼伝説スペシャル 帯・ハガキ有    （ディスク：ほんの少しキズ有） ・KOF94 帯・ハガキ・ステッカー有    （ディスク：ほん
【中古】餓狼伝説3 NCD 【NEOGEO】;https://jp.mercari.com/item/fD2sbzN28sLA38hbFjUqRN;¥6,889;ON_SALE;2024-11-15 16:07 UTC;
【中古】餓狼伝説3 NG 【NEOGEO】;https://jp.mercari.com/item/DJCDrEcK9aq3v2oJ86LM3N;¥39,461;ON_SALE;2024-11-15 16:07 UTC;
美品★ 餓狼伝説シリーズセット　REAL BOUT　SPECIAL　ネオジオ6本;https://jp.mercari.com/item/m89662339168;¥105,000;SOLD_OUT;2025-09-16 00:20 UTC;美品★餓狼伝説シリーズ  ネオジオソフト6本セット ネオジオ用ROMソフト SNK 格闘ゲーム  - タイトル: 餓狼伝説 - タイトル: 餓狼伝説２ - タイトル: 餓狼伝説３ - タイトル: 餓狼伝説スペシャル - タイトル: リアルバウト餓狼伝説 - タイトル: リアルバウト餓狼伝説スペシャル  【内容】 コレクションとして保管していた為、ほとんど遊んでいない状態の為美品です！  説明書も全体的に綺麗な状態です！ ハガキ、チラシなど付属しているソフトもあります！画像確認下さい！  餓狼伝説のパッケージケースにのみ亀裂箇所あります！古い商品の為、御了承下さい！画像確認よろしくお願い致します
ネオジオ　餓狼伝説3 Road to the final victory;https://jp.mercari.com/item/m62015997290;¥7,900;SOLD_OUT;2025-07-14 07:49 UTC;動作確認済みです    中古品となりますのでご理解頂ける方のみご購入して頂ければ幸いです    ソフトのみ  箱と説明書無し    お値下げは考えておりません、宜しくお願い致します
SNK 餓狼伝説シリーズ サウンドトラック 4枚セット;https://jp.mercari.com/item/m87511815124;¥3,200;SOLD_OUT;2025-08-14 02:56 UTC;閲覧頂きありがとうございます。  NEOGEOの人気格闘ゲーム、餓狼伝説シリーズのサウンドトラック。 アルバムCD全4枚セット。  - タイトル: 餓狼伝説2 - タイトル: 餓狼伝説SPECIAL - タイトル: 餓狼伝説3 - タイトル: リアルバウト餓狼伝説SPECIAL - プラットフォーム: ネオジオ SNK - 販売元: PONY CANYON - メディア: 新世界楽曲雑技団 - 製造元: SCITRON レーベル - 発売年: 1993年〜1997年  かなり前の物の為、経年劣化の傷についてはご了承ください。 よろしくお願いします！
【中古】(未使用･未開封品)餓狼伝説3 NCD 【NEOGEO】;https://jp.mercari.com/item/pZ3umjUNbBmwndm8mTWnMX;¥30,480;ON_SALE;2025-05-16 14:16 UTC;
ネオジオCD リアルバウト餓狼伝説セットまとめ売り;https://jp.mercari.com/item/m29851365749;¥13,800;SOLD_OUT;2024-09-14 17:20 UTC;NEOGEO ネオジオCDソフト  リアルバウト餓狼伝説  リアルバウト餓狼伝説2 ～THE NEWCOMERS～  リアルバウト餓狼伝説3 遥かなる戦い  リアルバウト餓狼伝説スペシャル  ケースにネオジオの刻印があります。  セット販売のためバラ売りには対応しておりません！    古い商品ですので細かい事を気になさる方は購入をご遠慮下さい。  ネオジオ本体が無いため、動作確認は出来ていません。  中古品とご理解のある方のご購入をお願いいたします。  ※すり替え防止の為、返品、交換は受け付けませんのでご了承ください。    状態などは画像をご確認の上ご判断下さい。    ※値下げ交渉には対応
餓狼伝説3 ROAD TO THE FINAL VICTORY　1995;https://jp.mercari.com/item/m10225119462;¥21,111;SOLD_OUT;2025-06-22 08:40 UTC;年代の割に状態良好だとおもいます。  時代とともに使用しなくなりました。 現在は動作未確認です。 よろしくお願いします。  進化したアクションゲームで、2人対戦が可能。 動作未確認  - タイトル: 餓狼伝説3 ROAD TO THE FINAL VICTORY - プラットフォーム: NEOGEO - ジャンル: アクション - 発売元: SNK - 特記事項: 2P対戦可能  ご覧いただきありがとうございます。
【レトロゲーム・ネオジオ】ソフト3本セット※サムライスピリッツ・餓狼伝説3・餓狼伝説スペシャル;https://jp.mercari.com/item/jUVpF3VN5RzYUhN44XTY8d;¥16,000;SOLD_OUT;2025-06-04 04:58 UTC;
餓狼伝説3 ROAD TO THE FINAL VICTORY ネオジオ;https://jp.mercari.com/item/m63842713842;¥11,000;SOLD_OUT;2025-08-31 13:29 UTC;整理の為に出品しますのでよろしくお願いします    餓狼伝説3は、リアルバトルアクションゲームで、SNKの名作です。    - タイトル: 餓狼伝説3 ROAD TO THE FINAL VOLUME  - ブランド: SNK  - ジャンル: リアルバトルアクションゲーム  - プラットフォーム: NEO GEO    ご覧いただきありがとうございます。
餓狼伝説3 -遥かなる闘い- ネオジオ　NEOGEO ROMソフト 餓狼伝説3;https://jp.mercari.com/item/m23767564047;¥12,900;SOLD_OUT;2025-01-09 08:38 UTC;大切に保管しておりましたが、断捨離のため大切に使って頂ける方にお譲り致します。大幅なお値引きはご相談致しかねますので予めご了承下さい。また商品すり替え防止のため、購入後のキャンセルは不可とさせて頂きます。ご理解のほど宜しくお願い致します。  【注意事項】 ・長期保管の中古品のため、ご購入後の保証は致しかねます。  ※購入=商品説明・商品状態にご納得いただいたものと判断させていただきます
餓狼伝説3 完全ガイドブック;https://jp.mercari.com/item/m12567092469;¥2,800;ON_SALE;2025-08-31 11:40 UTC;
真サムライスピリッツ・餓狼伝説3 ネオジオCDソフト;https://jp.mercari.com/item/m66070227926;¥1,680;SOLD_OUT;2025-09-01 01:49 UTC;ネオジオCDソフト真サムライスピリッツと餓狼伝説3の2本セットです。  真サムライスピリッツ:帯付きでディスク、説明書とも綺麗かと思います。 餓狼伝説3:帯無し、ケースに割れがあります。ディスクは綺麗です。  2本ともケースには経年による痛み、スレ等あります。動作未確認の中古品としてご理解の上ご購入お願いいたします。
ネオジオCD KOF95 96 餓狼3 RB餓狼龍虎外伝 真サムスピ セット販売;https://jp.mercari.com/item/m85939555909;¥7,000;SOLD_OUT;2025-08-27 01:05 UTC;ネオジオCDソフトセットです 話早い方割引します  ザキングオブファイターズ95 ざキングオブファイターズ96 餓狼伝説3 リアルバウト餓狼伝説 アートオブファイティング龍虎の件外伝 真サムライスピリッツ  餓狼伝説3は説明書の状態悪いです  全品古いものにつきご理解お願いします
NEOGEO ネオジオ本体セット ソフト3本;https://jp.mercari.com/item/m15887735358;¥98,000;SOLD_OUT;2025-08-31 03:48 UTC;商品内容 本体 専用コントローラー　2個 ACアダプター電源コード AVケーブル メモリカード  専用ソフト3本 餓狼伝説スペシャル ザ・キング・オブ・ファイターズ94 サムライスピリッツ斬紅郎無双剣  本体はネオジオ本体後期のPRO-POW3となります。  同梱する内容物（本体、ソフト、コントローラ、メモリカード）にて動作確認済み 外観はコントローラースティックのレバースティックの割れがあります（レバー先端の丸い部分）その他、使用に伴う小傷、スレ等があります。 本体、ソフト等、年代の割に綺麗かと思います。　  ただし商品状態の感じ方には個人差があり、古い物でもありますので“中古品”という事を
新品未開封 ／ 餓狼伝説3 NEO GEO ネオジオ　CD;https://jp.mercari.com/item/m98196641071;¥2,500;SOLD_OUT;2025-08-29 02:42 UTC;#そはゲーム　#そはあい ご覧いただきありがとうございます。  新品未開封の自宅保管品です。 未開封の為、動作確認はしていません。  古い商品で素人保管が気になる方は 購入をお控え下さい。  ご不明な点が御座いましたら、 ご購入前にお問い合わせ下さい。  NEO GEO CD用の格闘ゲーム、餓狼伝説3。   - タイトル: 餓狼伝説3 ROAD TO THE FINAL VICTORY - プラットフォーム: NEO GEO CD - メーカー: SNK - ディスクタイプ: コンパクトディスク
リアルバウト餓狼伝説スペシャル サムライスピリッツ KOF 他9本セット;https://jp.mercari.com/item/m45837724295;¥3,900;SOLD_OUT;2025-08-23 09:42 UTC;ネオジオCD用のソフト  ※説明書とディスクのみです。    ザ・キング・オブ・ファイターズ '94  ザ・キング・オブ・ファイターズ '95  ザ・キング・オブ・ファイターズ '96  餓狼伝説3  餓狼伝説スペシャル  リアルバウト餓狼伝説  リアルバウト餓狼伝説スペシャル  サムライスピリッツ 覇王丸地獄変  サムライスピリッツ 天草降臨      #neogeo  #neogeocd  #kof  #格闘ゲーム
ネオジオCD　KOF94 KOF95 餓狼伝説３　ゲームソフト3枚セット;https://jp.mercari.com/item/m90012970828;¥2,000;SOLD_OUT;2025-08-24 06:07 UTC;NEOGEOCD版の格闘ゲーム、ザキングオブファイターズ94,95と餓狼伝説３の3本セットです。  クローゼットにしまっていました。状態は若干の擦り傷やほこりなどの汚れがありますが目立って悪い感じには見えないと思います。    動作確認できる本体が無いので動作未確認品として出品します。    古いソフトですので中古品としてご理解ある方でご購入の検討してもらえたらと思います。  部屋整理のための出品ですのでセットのみの販売です。バラ売りはご容赦お願いします。    説明だけではわからないことがあればお気軽にコメントください。    #NEOGEO  #NEOGEOCD  #SNK  #KOF  
餓狼伝説3 遥かなる闘い ★NEO GEO CD　帯付き;https://jp.mercari.com/item/m97145605124;¥1,180;SOLD_OUT;2025-06-19 04:50 UTC;全体的に、きれいですがケースの開閉の為のツメがありません。
【中古】ネオジオソフト 餓狼伝説3 (ROMカセット);https://jp.mercari.com/item/m68074495753;¥16,800;SOLD_OUT;2025-07-08 02:22 UTC;商品名：【中古】ネオジオソフト 餓狼伝説3 (ROMカセット)    - タイトル: 餓狼伝説3  - プラットフォーム: NEO GEO  - メーカー: SNK  - ジャンル: 格闘ゲーム    動作確認はしておりません。    取扱説明書付き  中古品のため商品には若干のキズ・使用感がございます。  写真をご確認いただいたうえでご検討ください。    対戦格闘ゲームの雄『餓狼伝説』シリーズの第4弾。  2ラインバトルをさらに進化させたスウェーラインを採用し、多彩な攻撃ができるコンビネーションアーツも導入。
餓狼伝説3 NEOGEO用ソフト;https://jp.mercari.com/item/m81197954333;¥1,200;ON_SALE;2025-08-14 07:24 UTC;
NEO GEO ネオジオ SNK 餓狼伝説3 CD;https://jp.mercari.com/item/m57265985336;¥1,000;SOLD_OUT;2025-08-16 06:57 UTC;【プロフィール必読｜お取引のルール記載】    ■商品説明  NEO GEO ネオジオ SNK  餓狼伝説3 CDです。    ■商品詳細  動作未確認（本体なしのため動作確認できません）  目視ですが盤面は比較的きれいだと思います。    ■配送について｜匿名配送不可  日本郵便・クリックポスト    商品詳細は画像（写真）にてご判断いただければ幸いです。    ↓AI自動生成↓____________  - タイトル: 餓狼伝説3  - ブランド: SNK  - プラットフォーム: NEO GEO  - ジャンル: リアルバトルアクションゲーム  - ディスクの状態: 良好    ご覧いた
すいた様 リクエスト 2点 まとめ商品;https://jp.mercari.com/item/m21488626271;¥2,400;SOLD_OUT;2025-08-10 23:25 UTC;リクエストありがとうございます。こちらはまとめ買い商品です。 2025年08月12日23時59分までに購入してください。  ■ 商品内容 ・餓狼伝説3 NEO GEO CD【目立った傷や汚れなし】 ・真サムライスピリッツ NEO-GEO CD【やや傷や汚れあり】
アケアカNEOGEO SELECTION Vol.3;https://jp.mercari.com/item/m46822360208;¥3,200;SOLD_OUT;2025-08-10 09:39 UTC;NEOGEOの名作10タイトルを収録したNintendo Switch用ソフト。  - タイトル: アケアカNEOGEO SELECTION Vol.3 - 収録タイトル: THE KING OF FIGHTERS '94, サムライスピリッツ, 餓狼伝説, 風雲スーパータッグバトル, ザ・キング・オブ・ファイターズ '96, ジョジョの奇妙な冒険, グラディウス, 侍魂, 餓狼伝説2, 餓狼伝説3 - パッケージデザイン: NEOGEOロゴ入りデザイン - 対応機種: Nintendo Switch  ご覧いただきありがとうございます。
ネオジオCD ソフト 15本セット すべて帯付き;https://jp.mercari.com/item/m39319544230;¥23,000;SOLD_OUT;2025-08-10 06:43 UTC;動作確認済です。それぞれの状態は画像を確認お願いします。 •ザキングオブファイターズ94 •ザキングオブファイターズ95 •ザキングオブファイターズ96 •ザキングオブファイターズ97 •ザキングオブファイターズ98 •サムライスピリッツ •真サムライスピリッツ •サムライスピリッツ斬九郎無双剣 •サムライスピリッツ天草降臨 •ステークスウィナー •ワールドヒーローズ2JET •ファイターズヒストリーダイナマイト •餓狼伝説スペシャル •餓狼伝説3 •リアルバウト餓狼伝説
餓狼伝説3 NEO GEO CD;https://jp.mercari.com/item/m57035787921;¥600;SOLD_OUT;2025-08-10 03:06 UTC;NEO GEOCD用のアクションゲーム、餓狼伝説3。  - タイトル: 餓狼伝説3 - プラットフォーム: NEO GEOCD - ジャンル: 格闘アクション - 発売年: 1995 盤面に細かい傷があります 動作確認済み
(2528) ネオジオCD餓狼伝説3 ☆美品☆⭐️サマーセール⭐️;https://jp.mercari.com/item/m46091697636;¥900;SOLD_OUT;2025-05-09 03:12 UTC;ネオジオCDの餓狼伝説3ソフトです。  写真の物が全てです。  少し擦れ傷があるくらいで他は非常に綺麗な状態です。    コンディションは画像にてご判断ください。   動作確認済です。    簡単な清掃は行っています  ・神経質な方の購入はお断り致します  ・すり替え防止の為に返品交換は受け付けていません  ・送料込み価格ですので基本的にはお値下げ致しません  ・当方、非喫煙者又、ペット等は飼っていませんので臭いについては特に問題はないかと思います  ・発送時はビニールに入れ、プチプチに包み対応致します。  ☆期間限定価格☆ 1200円→900円
ネオジオCD 餓狼伝説3 ＆ 真サムライスピリッツ 2本セット;https://jp.mercari.com/item/m24758080510;¥2,222;SOLD_OUT;2025-08-04 15:04 UTC;ご覧頂きありがとうございます！   ネオジオCD 餓狼伝説3  真サムライスピリッツ 2本セット  家を片付けている時に出てきたものですが、使用しない為出品致します。  外箱は擦れや汚れは多少ありますが、あまり目立ちません。 説明書は両方とも折れや拠れがあり、餓狼の方は表面右上、サムスピは裏面の全体的な折れがあります。 ディスクは餓狼の方に小さな傷があります。サムスピはキレイな状態と思います。 状態に関しては写真をご確認ください。  ハードがない為、動作確認は出来ていません。 素人保管にてご理解頂いた上でご検討ください。 またバラ売りについては対応していません。ご了承ください。
【良品】餓狼伝説3 ネオジオ;https://jp.mercari.com/item/m59897336685;¥14,800;SOLD_OUT;2025-06-24 13:29 UTC;餓狼伝説3  になります。  家に保管していて ほとんど使用してないので 昔のゲームにしては美品になります。  パッケージの痛みあり、   説明書は当時の袋に入っていて全て揃っております。  よろしくお願いします！      「餓狼伝説3 ネオジオ」 定価: -  #ゲーム #アクション #ネオジオ #Other
餓狼伝説3 サムライスピリッツ　ビニールバッグ3点セットNEO・GEO CD;https://jp.mercari.com/item/m22245022395;¥300;SOLD_OUT;2025-08-01 10:05 UTC;餓狼伝説3は1点 サムライスピリッツは同じ物が2点 合計3点セット  サイズ　縦約45㎝　横約39㎝　マチ幅約9.8㎝ いずれも素人採寸なので誤差はご了承下さい。  記憶が定かではないですが約30年以上前に手に入れた非売品だったと思います。  長年自宅で保管していましたので折りジワや経年劣化、細かい擦れや傷等がございます。また配送の際には折り畳んでお送りしますので、神経質な方はご遠慮ください。  まとめ買いにて送料分お値引き致します。  #真SAMURAI SPIRITS #覇王丸地獄変 #餓狼伝説3 #レアアイテム#非売品
すぐに遊べる　SNK　ネオジオCDセット　ソフト3枚付き;https://jp.mercari.com/item/m52789261482;¥22,222;SOLD_OUT;2025-05-19 13:56 UTC;動作品　すぐに遊べる　SNK ネオジオCD本体セットです  動作確認済みです クリーニング済みです  セット内容 ・トップローディングネオジオCD本体 ・コントローラー ・AVケーブル ・電源ケーブル ・ゲームソフト3枚 ザキングオブファイターズ94 真サムライスピリッツ 餓狼伝説3  経年劣化によるスレ傷が若干あります。  神経質な方はご購入お控えください。
【ネコパケ発送】SNK エス・エヌ・ケイ 餓狼伝説3 NCD NEOGEO ゲームソフト;https://jp.mercari.com/item/oDsQhc3zzdDDwmgfd8Uq5V;¥1,698;SOLD_OUT;2024-08-27 04:04 UTC;
ＭＶＳ用ネオジオゲーム 6本セット　サムライスピリッツ　餓狼伝説;https://jp.mercari.com/item/m25412558055;¥22,000;SOLD_OUT;2025-07-28 06:36 UTC;多彩なジャンルのＭＶＳ用ネオジオゲーム6本セット。  餓狼伝説3 2020年スーパーベースボール クロスソード ワールドヒーローズ2 龍虎の拳2 サムライスピリッツ  ＭＶＳの本体が無いので動作確認しておりません かなり古い中古品なので、ご理解の上入札ください  #SNK #ネオジオ #ＭＶＳ #サムライスピリッツ #餓狼伝説 #ワールドヒーローズ #龍虎の拳   ご覧いただきありがとうございます。
NEOGEO - MVS 4.0 BIOS + ソフト7種;https://jp.mercari.com/item/m27366146590;¥104,000;SOLD_OUT;2025-07-26 14:38 UTC;NEOGEO MVS本体+カートリッジ７種です。    一番上のカートリッジはKOF98を含む  161タイトル収録のマルチカートリッジです。    使用時間は非常に少ないため、  本体はきれいな状態です。    カートリッジは写真の通り7本あり、  すべて別途購入した専用ケース付きです。    ・餓狼伝説3、SP : コンバージョンROM  ・その他は全て正規ROMです。    MVSはバージョン4.0のため、国家コード、アーケード、家庭用、BIOS設定など自由にできるようになっております。(起動時abcボタン)      スティックは NEOGEO純正スティックですが、  レバーのみ交換済
J*O様 ネオジオCD ソフトセット;https://jp.mercari.com/item/m29296274785;¥5,800;SOLD_OUT;2025-07-22 06:43 UTC;・NEOGEO CD SPECIAL ・風雲黙示録 ・キングオブファイターズ94 ・キングオブファイターズ95 ・龍虎の拳2 ・餓狼伝説3 ・餓狼伝説Special ・ジョイジョイキッド  クローゼットから出てきました。 何故か全て表紙がカラーコピー（？）です。 裏表紙は正規の物が入っています。ディスクも傷が無くほぼ新品のような状態でした。
餓狼伝説3 NEO-GEO CD;https://jp.mercari.com/item/m60561637811;¥4,000;SOLD_OUT;2025-07-20 07:57 UTC;#かいきちゲームソフト  #かいきちネオジオCD  #かいきち餓狼伝説3    進化した対戦型格闘ゲーム、餓狼伝説3。    - ゲームタイトル: 餓狼伝説3  - プラットフォーム: NEO-GEO CD  - ジャンル: 対戦型格闘ゲーム  - 発売元: SNK  - 言語: 日本語  未開封品です。  ご覧いただきありがとうございます。  acd014
ネオジオ　AES 餓狼伝説3;https://jp.mercari.com/item/m36222659914;¥15,000;SOLD_OUT;2025-05-18 06:21 UTC;起動確認済み、値下げ不可
週刊ファミコン通信別冊 ネオジオ通信 1995年5/12 19増刊 餓狼伝説３;https://jp.mercari.com/item/m25430955354;¥1,680;SOLD_OUT;2025-07-11 13:47 UTC;週刊ファミコン通信別冊 ネオジオ通信 1995年 5/12.19 増刊 餓狼伝説3  50ページ  新刊で購入し、自宅保管していました。 保管に伴う経年の痛みはありますが、一読しただけですので、中身は良い程度を 保っています。  写真をご確認頂きまして、ご検討よろしくお願いいたします。  完璧を、求められる方は、お控えください。  配送は、水濡れ等に気をつけて、らくらくメルカリ便で、発送させていただきます。  喫煙者、ペットは無しです。  ご覧頂きまして、ありがとうございます。
ネオジオcd 5点セット;https://jp.mercari.com/item/m67365582987;¥5,000;SOLD_OUT;2024-11-19 14:13 UTC;ネオジオcdのKOF95、96、97。餓狼伝説3、龍虎の拳外伝セットです。 ディスクに小キズありです。ケースが無い物はCD-Rのケースにいれています。
ね*こ様 【激レア新品未使用品セール】餓狼伝説3 NEO GEO CD;https://jp.mercari.com/item/m94698490740;¥2,000;SOLD_OUT;2025-07-05 03:08 UTC;対戦型格闘ゲーム「餓狼伝説3」のNEO GEO CD版。  - タイトル: 餓狼伝説3 〜最強は、1人でいい。〜 - プラットフォーム: NEO GEO CD - ジャンル: 対戦型格闘ゲーム - 発売元: SNK  #レトロゲーム  ご覧いただきありがとうございます。
餓狼伝説 3 サウンドトラック CD SNK ネオジオ　新世界楽曲雑技団;https://jp.mercari.com/item/m93809275215;¥600;SOLD_OUT;2025-07-01 04:35 UTC;ご覧いただきありがとうございます。    即購入・無言購入大歓迎です！  ★状態★  自宅保管になります  神経質な方や完璧を求める方は、ご遠慮願います。
餓狼伝説3 公式　秦の秘伝書　ファミコン通信編集部;https://jp.mercari.com/item/m95614889504;¥444;SOLD_OUT;2025-03-04 03:06 UTC;餓狼伝説3 公式-秦の秘伝書- ファミコン通信編集部 SNK ネオジオ  ヤケや折れは多少ありますが、約30年前に発売されたものとしては状態は良い方かと思います。  攻略本だけではなく、資料集としても活用できるかと思います。  即購入OKです！ 基本メルカリ便にて発送します！
NEOGEO 餓狼伝説3 ROAD OF THE FINAL VICTORY;https://jp.mercari.com/item/m23213811343;¥14,600;SOLD_OUT;2025-06-25 02:02 UTC;即購入歓迎！    ご覧いただきましてありがとうございます。    SNK ネオジオ用ソフト「餓狼伝説3 遥かなる闘い」の出品です。    動作確認済みです。  付属品はお写真にあるものが全てとなります。  ソフトに小傷散見されます。  商品状態に関しましてはお写真もご参考にしていただき、ご検討  くださいませ。    誠に恐れ入りますが発売されてから年数が経過しているお品物  でございます。過度に状態をお気になされる方はお控え下さい  ますようお願い致します。    佐川急便にて発送いたします。  ※匿名配送は過去に営業所（集荷含む）や、コンビニでの     伝票貼り間違えなどのトラブルが多
【中古】 餓狼伝説3完全ガイドブック 遙かなる闘い NEO・GEO必勝法スペシャル / 勁文社 / 勁文社;https://jp.mercari.com/item/5wuvD8gTZqsgtb65YzNUaf;¥3,923;SOLD_OUT;2023-06-22 06:24 UTC;
【ＳＮＫ】ＮＥＯＧＥＯ－ＣＤソフト１８本＋ＮＥＯＧＥＯ－ＣＤ本体（ジャンク）;https://jp.mercari.com/item/m44510846575;¥85,000;ON_SALE;2024-04-29 11:53 UTC;
NEO-GEO CD 餓狼伝説3;https://jp.mercari.com/item/m78615547936;¥800;SOLD_OUT;2025-06-02 11:23 UTC;ご覧頂きありがとうございます。  ケースには擦れ、汚れあり  画像の物が全てになります。  状態は画像確認下さい。  それなりき古いものになりますのでいつ壊れるかはわかりません。  細かいことが気になる方、美品をお求めの方はご遠慮下さい。 中古にご理解のある方のみお願いします。  まとめ売り値引き対応やってます。 早いものがちです。 対応できない場合は申し訳ございません。 ご相談お待ちしております。
kinjoinfo様 リクエスト 3点 まとめ商品;https://jp.mercari.com/item/m43097135898;¥9,000;SOLD_OUT;2025-06-26 01:02 UTC;リクエストありがとうございます。こちらはまとめ買い商品です。 2025年06月27日23時59分までに購入してください。  ■ 商品内容 ・✨新品未開封！！餓狼伝説3★ネオジオCD、SNK！【やや傷や汚れあり】 ・✨ダライアス外伝★新品未開封！！Darius、レア希少、名作シューティング【新品、未使用】 ・✨新品未開封！真サムライスピリッツ★ネオジオCD、SNK、名作、格ゲー、レア！【やや傷や汚れあり】
餓狼伝説3 サントラCD NEOGEO SNK;https://jp.mercari.com/item/m22329069945;¥4,500;ON_SALE;2025-06-24 05:55 UTC;
【豪華セット】ネオジオCD本体＆ソフト7本＆コントローラー各種;https://jp.mercari.com/item/m70544973411;¥34,000;SOLD_OUT;2025-06-23 07:53 UTC;SNKのNEO-GEO CD本体（起動確認済み） コントローラー×2 アーケードコントローラー×2 AV端子、純正アダプター  NEO-GEO CD ソフト8本 ・リアルバウト餓狼伝説 ・餓狼伝説3 ・キングオブファイターズ95 ・キングオブファイターズ97 ・真サムライスピリッツ ・サムライスピリッツ斬紅郎無双剣 ・ソニックウイングス2  以上のセットとなります。 中古品の為御理解頂ける方よろしくお願いします。  ※箱や説明書はありません ※餓狼伝説3のみ、ケースが割れておりますが、プレイには支障ありません。  また上記の他、ネオジオCDの大人気＆激レアソフト『天外魔境真伝』も別途で出品して
餓狼伝説3 ネオジオ　ROMカセット;https://jp.mercari.com/item/m78872342838;¥12,000;SOLD_OUT;2025-06-22 10:02 UTC;餓狼伝説3 ROAD TO THE FINAL VICTORY ネオジオROMカセット   【商品の状態】  ・発売当時に新品で購入した物です。 ・説明書にシワがあります。 ・説明書のビニール袋はありません。 ・カセットにキズあります。 ・動作確認済みです。   宅急便コンパクトで発送します。
ネオジオCD 本体＋ソフト7本セット KOF他 動作確認済み;https://jp.mercari.com/item/m99049795250;¥50,000;SOLD_OUT;2025-06-21 14:06 UTC;ご覧いただきありがとうございます。  ネオジオCD（NEOGEO CD）本体＋ソフト7本セットです。    ✅【動作確認済／動画あり】  動作確認の様子は YouTubeにて公開中！  YouTubeで『km56R』と検索してご確認いただけます。    【セット内容】  ・ラストリゾート  ・ラリーチェイス  ・真サムライスピリッツ  ・餓狼伝説3  ・ワールドヒーローズ2JET  ・THE KING OF FIGHTERS '94  ・THE KING OF FIGHTERS '95    【状態】  ・動作確認済み  ・ケース・説明書付き・簡易清掃済み  ・KOF95のケースに傷あり、以外
クロススウォード2 月華の剣士 侍魂 武士道列伝 天草降臨 リアルバウト餓狼伝説;https://jp.mercari.com/item/m47682964183;¥17,400;SOLD_OUT;2025-06-10 18:26 UTC;クロススウォード2  月華の剣士  サムライスピリッツ 天草降臨  真説サムライスピリッツ 武士道列伝  リアルバウト餓狼伝説    以上、ネオジオCD 3本セット    　B格品で盤面に動作に影響を与ない細かい傷あり。ケースは代替品でケースの背面レーベルが欠品しているのでカラーコピーを入れてます。    クロススウォード2・・・ハガキ付き、マニュアル裏小ヤケ。  月華の剣士・・・帯ハガキ付き。  サムライスピリッツ 天草降臨・・・マニュアル裏に小カビ染み。  真説サムライスピリッツ 武士道列伝・・・帯、シール、チラシ付き。マニュアル、帯裏小汚れ。  リアルバウト餓狼伝説・・・マニュアル裏小ヤ
【帯あり】餓狼伝説3【ネオジオCD】;https://jp.mercari.com/item/m57055429170;¥2,800;ON_SALE;2025-03-08 05:07 UTC;
★未開封新品 餓狼伝説3 ネオジオCD NEO-GEO CD★;https://jp.mercari.com/item/m71484249598;¥7,199;ON_SALE;2025-01-05 15:07 UTC;
ネオジオフリーク創刊号付録ポスター（餓狼伝説3）;https://jp.mercari.com/item/m29549078496;¥800;SOLD_OUT;2025-06-16 01:56 UTC;SNKファン必見『ネオジオフリーク』創刊号に付属していた、餓狼伝説3ポスターです。 ジョー東が描かれたビジュアルで、当時の格ゲーブームを彩った貴重な一枚。  額装して飾れば、レトロゲーム部屋やコレクションスペースのアクセントとしても抜群です。  【ご確認事項】 ・雑誌付録品のため、紙製です ・素人保管品につき、四隅に画鋲跡、破れ、シワなどのダメージあり ・状態にご納得いただける方のみご購入ください ・発送時は折りたたみでの梱包となります ・神経質な方は購入をお控えください  レトロゲームファン、ネオジオ・SNK好きの方、コレクションにぜひ！  #ネオジオフリーク #餓狼伝説3 #SNK #ネオ
餓狼伝説3 ROAD TO THE FINAL VICTORY neogeocd;https://jp.mercari.com/item/m34536652604;¥1,000;ON_SALE;2025-06-14 08:49 UTC;
餓狼伝説 3 サウンドトラック CD SNK ネオジオ　新世界楽曲雑技団;https://jp.mercari.com/item/m85041176591;¥580;SOLD_OUT;2025-06-01 16:17 UTC
ネオジオCD フロントローディング　SNK　本体一式ソフトセット　要メンテナンス;https://jp.mercari.com/item/m62617792015;¥22,800;SOLD_OUT;2025-06-05 07:50 UTC
NEOGEO CD 餓狼伝説3;https://jp.mercari.com/item/m44168041375;¥2,000;ON_SALE;2025-06-06 11:13 UTC;
ネオジオSNKのチラシと下敷き;https://jp.mercari.com/item/m40927985730;¥2,500;SOLD_OUT;2025-06-04 14:02 UTC;ご覧頂きありがとうございます。  ザ・キングオブファイターズ96は綺麗な状態です。  餓狼伝説3は折れが二カ所あります。  リアルバウト餓狼伝説の下敷きは綺麗な状態です。    ご覧いただきありがとうございます。
(本体)NEOGEO Arcade Stick Pro(ネオジオ アーケードスティックプロ) SNK(GM1D1X1900) SNK(エスエヌケイ);https://jp.mercari.com/item/JHpw9xi6xFeWUqoUeeh5PZ;¥20,800;SOLD_OUT;2025-04-08 11:11 UTC
新品未開封 ／ 餓狼伝説3 NEO GEO ネオジオ　CD;https://jp.mercari.com/item/m11873063481;¥2,500;SOLD_OUT;2025-06-04 05:13 UTC
3*ィ様 ネオジオCD　ソフト3本;https://jp.mercari.com/item/m72874089652;¥22,500;SOLD_OUT;2025-06-01 14:56 UTC
餓狼伝説3 攻略本　オールアバウト　ゲーム攻略本　餓狼伝説　ネオジオ;https://jp.mercari.com/item/m85881826003;¥1,999;SOLD_OUT;2025-06-01 14:14 UTC
リアルバウト餓狼伝説スペシャル　販促用チラシ　3枚;https://jp.mercari.com/item/m87599027317;¥3,000;SOLD_OUT;2025-06-01 05:17 UTC
【当時物】【美品】餓狼伝説3 遥かなる闘い NEO GEO CD;https://jp.mercari.com/item/m22240331429;¥2,500;ON_SALE;2024-12-18 13:29 UTC;
ネオジオCD 餓狼伝説3、リアルバウト餓狼伝説スペシャル;https://jp.mercari.com/item/m35295263605;¥5,800;ON_SALE;2023-03-03 09:25 UTC;
餓狼伝説3 NEO GEO ソフト;https://jp.mercari.com/item/m16009679335;¥4,200;ON_SALE;2025-05-02 09:19 UTC;
【中古】 餓狼伝説3 NG 【NEOGEO】;https://jp.mercari.com/item/GuyqXeZsN5xAtDN2qBJEaW;¥159,600;ON_SALE;2025-04-29 01:10 UTC;
【中古】 餓狼伝説3 NCD 【NEOGEO】;https://jp.mercari.com/item/BaeoHcsNbjM93jhAwfb6CT;¥23,560;ON_SALE;2025-04-29 01:10 UTC;
✅neo-geoCD 餓狼伝説3 ケース傷みあり;https://jp.mercari.com/item/m72299305274;¥1,770;ON_SALE;2024-01-22 01:51 UTC;
【中古】「非常に良い」餓狼伝説3 NG 【NEOGEO】;https://jp.mercari.com/item/jVifib3SNx7UUhZ2KAkihF;¥114,990;SOLD_OUT;2025-04-20 17:12 UTC;
【中古】「非常に良い」餓狼伝説3 NCD 【NEOGEO】;https://jp.mercari.com/item/n7peETQn2u4XwQ4UyeZuqN;¥7,450;ON_SALE;2025-04-20 17:12 UTC;
neo-geo 餓狼伝説3;https://jp.mercari.com/item/m49780103038;¥2,000;ON_SALE;2023-10-15 05:48 UTC;
餓狼伝説3 ネオジオCD NEOGEO 未開封未使用 SNK ほぼサントラCD;https://jp.mercari.com/item/m74566304853;¥6,000;TRADING;2025-04-12 17:04 UTC;こちらを閲覧頂きまして誠にありがとう御座います。 こちらは未使用未開封となっております。 発送はダンボールにて挟み梱包発送を予定しています。  とりあえず出品させて頂いておりますが 状態は中古並み程度の状態です。
ネオジオCD 餓狼伝説3;https://jp.mercari.com/item/m74833956759;¥1,350;ON_SALE;2025-04-12 12:54 UTC;
【中古】餓狼伝説3 NG 【NEOGEO】;https://jp.mercari.com/item/NS4ykmVArzBU2fecYdr6bb;¥114,990;SOLD_OUT;2025-04-06 05:04 UTC;
【中古】餓狼伝説3 NCD 【NEOGEO】;https://jp.mercari.com/item/5CT3ShDd5xJAS75bdtWy4f;¥4,570;ON_SALE;2025-04-06 05:04 UTC;
餓狼伝説3 ゲーメストムックVol.12 美品;https://jp.mercari.com/item/m61951058123;¥3,980;ON_SALE;2025-03-15 07:51 UTC;
【ネオジオCD専用ソフト】餓狼伝説3;https://jp.mercari.com/item/m25717391513;¥980;ON_SALE;2025-03-06 10:40 UTC;
✅neo-geoCD 餓狼伝説3 ケース傷みあり;https://jp.mercari.com/item/m70454640530;¥1,890;ON_SALE;2024-05-21 06:46 UTC;
NEO GEO 本体とゲームソフトセット;https://jp.mercari.com/item/m65361971608;¥220,000;SOLD_OUT;2025-02-08 08:34 UTC;ネオジオROM & ネオジオカセット ９本 レア 現状渡し  使用感あります。 古い物です。本体及びROM起動確認しました。 ジョイスティック ジョイパッド ボタンの状態もまずまずです。譲って貰ったままの状態です。 ＡＣアダプター RCAケーブル メモリーカード付き メモリーカードはオマケ程度。RCAケーブルはモノラル接続する方がノイズは入りません。そのため、モノラルに変更します。  完璧な作動は望めないかもしれませんが、ゲームは普通に出来、ネオジオらしい操作感覚は楽しめます。 ROMは １龍虎の拳２ 説明書あり 箱状態可  ２真サムライスピリッツ 説明書無し 箱状態可 ３サムライスピリッツ 
【帯付き】餓狼伝説3 NEOGEO CD α;https://jp.mercari.com/item/m71833383479;¥1,580;ON_SALE;2024-03-03 06:08 UTC;
【新品】餓狼伝説3 NCD NEOGEO ;https://jp.mercari.com/item/PHKQNLtfFmRpsNUPfvo6XH;¥12,140;ON_SALE;2023-08-17 04:48 UTC;
【中古】餓狼伝説3 NG 【NEOGEO】;https://jp.mercari.com/item/Bj6MiBAUGoxdhX5i9AgbgC;¥229,228;ON_SALE;2025-01-23 21:42 UTC;
【中古】餓狼伝説3 NG 【NEOGEO】;https://jp.mercari.com/item/5xUnLgePcagtfC9SX2RRUT;¥207,283;ON_SALE;2025-01-21 14:16 UTC;
餓狼伝説３;https://jp.mercari.com/item/m16269022870;¥5,000;ON_SALE;2024-06-22 01:24 UTC;
餓狼伝説3 SNK NEO-GEO +サントラ2枚;https://jp.mercari.com/item/m55163179244;¥4,500;ON_SALE;2024-06-17 03:41 UTC;
プラバン(MVSミニインスト)　餓狼伝説3　MVS　NEOGEO　出品653;https://jp.mercari.com/item/dJ2jqZLXiasYGPS3u48aDd;¥3,000;ON_SALE;2024-05-16 09:15 UTC;
NEO-GEO CD 餓狼伝説3;https://jp.mercari.com/item/m84302690460;¥3,000;ON_SALE;2024-04-06 13:00 UTC;
新品ネオジオCD 餓狼伝説3;https://jp.mercari.com/item/m15688322131;¥12,000;ON_SALE;2021-06-11 01:16 UTC;
Neo Geo ソフト　餓狼伝説3;https://jp.mercari.com/item/m94997270787;¥2,800;ON_SALE;2022-12-10 02:44 UTC;
餓狼伝説3　ネオジオCD　SNK　ネオジオ　NEOGEO;https://jp.mercari.com/item/m45232216499;¥5,800;ON_SALE;2024-10-08 04:04 UTC;
ネオジオCD 　餓狼伝説3;https://jp.mercari.com/item/m13785895815;¥3,800;ON_SALE;2023-09-18 02:41 UTC;
餓狼伝説3 ネオジオCD;https://jp.mercari.com/item/m41816136388;¥1,500;ON_SALE;2023-08-31 06:45 UTC;
SNK NEO•GEO ネオジオCD 本体 ソフト 11枚セット;https://jp.mercari.com/item/m73132584194;¥92,000;ON_SALE;2023-05-31 03:19 UTC;
【NEOGEO CD】餓狼伝説３【参考出品】;https://jp.mercari.com/item/m28070225349;¥59,999;ON_SALE;2023-03-02 09:19 UTC;
ネオジオCD　餓狼伝説3;https://jp.mercari.com/item/m22719573705;¥1,500;ON_SALE;2023-03-04 05:02 UTC;
ネオジオ【餓狼伝説３-秦の秘伝書-】です。;https://jp.mercari.com/item/m23986268404;¥780;ON_SALE;2022-12-09 06:07 UTC;
餓狼伝説３　真サムライスピリッツ　NEOGEOCD　セット;https://jp.mercari.com/item/m66936479391;¥4,800;ON_SALE;2022-02-14 06:48 UTC;
リアルバウト餓狼伝説の攻略本３冊(中古本);https://jp.mercari.com/item/m93380306839;¥9,800;ON_SALE;2022-04-20 23:04 UTC;
餓狼伝説3　ネオジオＲＯＭ　ジャンク品;https://jp.mercari.com/item/m13752111820;¥21,200;SOLD_OUT;2022-01-25 07:25 UTC;☆ ネオジオ　ROM 餓狼伝説3  (箱、取説付き) NEOGEO ROM 商品状態ですが、 ケースには多少のダメージ？有り。 古い物ですので多少経年は、 画像をご確認下さい。  ⭐動作未確認⭐ 本体を手放してからは 動作確認は出来てません。 上記の理由から ジャンク品として出品します。 以上から 神経質な方は 購入前によくご検討ください 宜しくお願い致します   ⭐ジャンク品です⭐ 保証対応は一切できません！ 他見落としや欠落、到着時の破損や不具合などの保証もご容赦ください。 年代物でもありジャンクとしているのはそのためでリスクもあります。 トラブル回避のため、ご不安な場合はご購入されません
ネオジオソフト     餓狼伝説3     ジャンク品扱い;https://jp.mercari.com/item/m97824647119;¥1,222;ON_SALE;2021-12-21 14:23 UTC;
ネオジオCD 餓狼伝説3;https://jp.mercari.com/item/m95300343223;¥1,200;ON_SALE;2021-09-23 06:06 UTC;
Fatal fury 3 neogeo CD 餓狼伝説3 海外版 ネオジオCD;https://jp.mercari.com/item/m56213209121;¥6,500;ON_SALE;2021-08-12 07:46 UTC;
SNK ネオジオ　格闘ゲーム５本セット;https://jp.mercari.com/item/m79852974440;¥45,000;ON_SALE;2021-01-02 08:28 UTC
NEO GEO SNK MVS 餓狼伝説３ カセット ソフト;https://jp.mercari.com/item/m53932485932;¥55,555;ON_SALE;2018-07-17 12:29 UTC;
NEOGEO 餓狼伝説 ３ CD 新品未開封;https://jp.mercari.com/item/m95886438600;¥6,000;ON_SALE;2019-07-08 06:40 UTC;
NEOGEOCD 餓狼伝説3;https://jp.mercari.com/item/m61769620630;¥9,999;ON_SALE;2020-01-31 04:42 UTC;
餓狼伝説3 ネオジオCD版 新品未開封;https://jp.mercari.com/item/m97673441958;¥8,000;ON_SALE;2019-06-09 02:06 UTC;
ネオジオCD 餓狼伝説3;https://jp.mercari.com/item/m68640801460;¥1,600;ON_SALE;2019-11-10 15:30 UTC;
ネオジオcd  ソフト 5枚 未;https://jp.mercari.com/item/m22910189831;¥22,222;ON_SALE;2019-01-12 17:27 UTC;
中古 帯付　3枚　真サムライスピリッツ・餓狼伝説3・ザキングオブファイター95;https://jp.mercari.com/item/m33440438220;¥7,900;ON_SALE;2026-05-31 14:40 UTC;
ネオジオ CD 餓狼伝説3 ROAD TO THE FINAL VICTORY;https://jp.mercari.com/item/m71095865359;¥980;SOLD_OUT;2026-06-01 22:05 UTC;SNKの対戦格闘ゲーム「餓狼伝説3」のNEOGEO CD版ソフトで、特典チラシが付属しています。  - タイトル: 餓狼伝説3 ROAD TO THE FINAL VICTORY - プラットフォーム: NEOGEO CD - メーカー: SNK - 付属品: 取扱説明書、特典チラシ  ご覧いただきありがとうございます。
【中古】餓狼伝説3 NG 【NEOGEO】;https://jp.mercari.com/item/wmsR9ahut9hk6GR7FeMArL;¥61,583;ON_SALE;2025-01-09 00:58 UTC;
【未開封品】PS2 餓狼伝説バトルアーカイブズ1;https://jp.mercari.com/item/m92244678188;¥19,999;ON_SALE;2026-06-03 11:25 UTC;
NEO GEOCD ネオジオCD 餓狼伝説3 海外版 FATAL FURY 3;https://jp.mercari.com/item/m18242032559;¥3,300;ON_SALE;2026-06-03 01:54 UTC;
【PC不要】全隠しタイトルアンロック用USB ネオジオ　アーケードスティックプロ;https://jp.mercari.com/item/m33676750036;¥3,000;SOLD_OUT;2026-06-04 10:32 UTC;ご覧頂きありがとうございます。  アンロック用USBのみ欲しいと お問い合わせがありましたので、 お譲りします♪  こちらは全20タイトル全ての隠しタイトルを アンロックする事が可能です☆ 合計40タイトルをすぐプレイ出来ます♪  新品のUSBメモリを使用。 種類はお選び出来ません。 PC作業不要です♪ 購入後、本体のシリアル番号をお知らせ頂き こちらで専用品を作成します！ 後は本体に指してアップデートするだけです。  USBメモリの販売であり、 ネオジオ本体は付属しませんので、 お間違えのないようにお願いします！  ～初期内蔵ゲームタイトル一覧～ 1.ザ・キング・オブ・ファイターズ '95 
【中古】餓狼伝説3 NCD 【NEOGEO】;https://jp.mercari.com/item/nT87DVPWrNLTzWowKAEq4;¥5,229;ON_SALE;2025-01-09 00:58 UTC;
ネオジオ　NEOGEO AES ソフト　6本セット;https://jp.mercari.com/item/m84124000184;¥163,000;SOLD_OUT;2026-06-05 17:53 UTC;ネオジオ　NEOGEO AES ソフト　6本セット  ご覧いただきありがとうございます。  NEOGEO AES／ネオジオ ロムカセット用ソフト7本セットの出品です。  コレクション整理のため出品いたします。  【セット内容】  ・龍虎の拳 / ART OF FIGHTING ・真サムライスピリッツ 覇王丸地獄変 / SAMURAI SPIRITS II ・龍虎の拳2 / ART OF FIGHTING 2 ・クロスソード / CROSSED SWORDS ・餓狼伝説 / FATAL FURY ・餓狼伝説3 ROAD TO THE FINAL VICTORY / FATAL FURY 3  写
餓狼伝説3公式―秦の秘伝書　ネオジオ攻略本;https://jp.mercari.com/item/m58403799529;¥980;SOLD_OUT;2026-06-07 21:23 UTC;「餓狼伝説3公式―秦の秘伝書」 アスキー  帯あり（傷みあり）  中身は 良好な状態です  #アスキー #本 #生活／諸芸・娯楽 #攻略本 #ネオジオ
餓狼伝説 3 ネオジオROMカセット;https://jp.mercari.com/item/m15586037066;¥12,000;SOLD_OUT;2026-06-06 04:43 UTC;商品説明  本体と説明書になります、ケースはありません。  状態は画像を確認ください。    年代物にしては綺麗です。  動作確認できる環境にないので未確認です、  コレクション品としてご購入ください。    ・画像に写っているものが全てです。  ※記載・掲載のないものにつきましては、欠品しているものとお考えください。    ・中古品につきご了承のうえお買い求めください。
プラバン+取扱説明書+帯　餓狼伝説3　MVS;https://jp.mercari.com/item/m79953643884;¥4,000;SOLD_OUT;2026-06-10 04:06 UTC;ご覧いただきありがとうございます。  アーケードゲーム基板がメーカーから出荷される際に 同梱添付されていたメーカー純正の非売品付属品になります。  古いものですので、日焼け見た目の傷や汚れはある程度ご了承頂けますと幸いです。  商品状態は写真にてよくご確認、ご了承の上でご購入をよろしくお願い致します。
SNK NEO GEO CDZ 本体　ソフト9種類;https://jp.mercari.com/item/m46933776800;¥70,000;ON_SALE;2026-06-09 12:01 UTC;
NEOGEO 餓狼伝説3;https://jp.mercari.com/item/m89799712373;¥42,000;SOLD_OUT;2026-06-09 07:40 UTC;NEOGEO 餓狼伝説3です。  ・外箱あり ・カートリッジあり ・取扱い説明書あり   動作確認済み。 比較的美品だと思います。カートリッジ裏に少し擦り傷がある程度です。 写真で状態を確認してください。 質問等あれば、必ずご購入前にコメント下さい。  中古品・レトロゲームにご理解のある方のみご購入をお願いいたします。  気泡緩衝材で包み、らくらくメルカリ便で「宅急便」で発送します。  #餓狼伝説3 #neogeo #ネオジオソフト #ネオジオ
【PC不要】全隠しタイトルアンロック用USB ネオジオ　アーケードスティックプロ;https://jp.mercari.com/item/m16733983992;¥3,500;SOLD_OUT;2026-06-09 03:26 UTC;ご覧頂きありがとうございます。  アンロック用USBのみ欲しいと お問い合わせがありましたので、 お譲りします♪  こちらは全20タイトル全ての隠しタイトルを アンロックする事が可能です☆ 合計40タイトルをすぐプレイ出来ます♪  新品のUSBメモリを使用。 種類はお選び出来ません。 PC作業不要です♪ 購入後、本体のシリアル番号をお知らせ頂き こちらで専用品を作成します！ 後は本体に指してアップデートするだけです。  USBメモリの販売であり、 ネオジオ本体は付属しませんので、 お間違えのないようにお願いします！  ～初期内蔵ゲームタイトル一覧～ 1.ザ・キング・オブ・ファイターズ '95 
餓狼伝説バトルアーカイブズ1 PS2 ソフト;https://jp.mercari.com/item/m12106120821;¥4,000;SOLD_OUT;2026-06-11 01:31 UTC;餓狼伝説シリーズ初期4作品を1枚のディスクに収録したNEOGEOオンラインコレクションのベスト版です。  - 対応機種: PlayStation 2 - タイトル: 餓狼伝説バトルアーカイブズ1 - 収録作品: 餓狼伝説、餓狼伝説2、餓狼伝説SPECIAL、餓狼伝説3 - CEROレーティング: B - プレイ人数: 1～2人  ご覧いただきありがとうございます。  すり替え防止のため返品不可です。よろしくお願いします。
FMT Martyメンテナンス済み+neogeo cdz +22本ソフト セット;https://jp.mercari.com/item/m33680698774;¥385,000;TRADING;2026-05-11 10:01 UTC;fm-towns marty(動作確認済み、美品）写真2 純正コントローラー x 2 純正キーボード 純正マウス(おまけとして)  neogeo cdz(動作確認済み)写真5 純正コントローラー ac アダプター  メンテナンス箇所: 1.FDDドライブのゴムを交換。写真3 2.ボタン電池を交換(時間正確に表示)写真4 3.音声ノイズ対策のコンデンサーを交換  fm-townsソフト KIGEN 伊忍道 ブライ ブライ完結編 神々の大地 古事記外伝 など  全て箱、説明書付き CD盤面もきれいです。  インディ・ジョーンズ 最後の聖戦(ソフトのみ)  neogeo ソフト サムライスピリッツ 
希少 ネオジオ ロム NEOGEO ROM 餓狼伝説3 SNK 人気;https://jp.mercari.com/item/m36841570817;¥31,111;ON_SALE;2026-06-12 16:19 UTC;
餓狼伝説3 遥かなる闘い (サントラのおまけ付き);https://jp.mercari.com/item/m46508353865;¥2,800;ON_SALE;2026-06-13 01:04 UTC;
ネオジオＣＤ　餓狼伝説3　新品未開封;https://jp.mercari.com/item/m40984721410;¥4,000;ON_SALE;2026-06-13 08:53 UTC;
SNK NEOGEO ネオジオ 餓狼伝説3 遥かなる闘いFatal Fury 3;https://jp.mercari.com/item/m68799912974;¥44,900;SOLD_OUT;2026-06-14 13:49 UTC;プチプチで保護して発送致します 動作確認済みです  中古品となりますのでご理解頂ける方のみご購入して頂ければ幸いです  ケース•ジャケット•説明書: 少し汚れあり  お値下げは考えておりません、宜しくお願い致します
ネオジオオンラインコレクション コンプリートBOX上巻;https://jp.mercari.com/item/m25526643279;¥88,888;ON_SALE;2026-06-16 02:24 UTC;
ネオジオＣＤ　餓狼伝説3;https://jp.mercari.com/item/m37501439257;¥1,333;SOLD_OUT;2026-06-15 16:57 UTC;動作確認済み。即購入OKです。
新品ネオジオオンラインコレクション コンプリートBOX上巻;https://jp.mercari.com/item/m52889474638;¥99,999;ON_SALE;2026-06-16 11:05 UTC;
sato様 リクエスト 3点 まとめ商品;https://jp.mercari.com/item/m24896891482;¥12,000;SOLD_OUT;2026-06-18 03:22 UTC;リクエストありがとうございます。こちらはまとめ買い商品です。 2026年06月19日23時59分までに購入してください。  ■ 商品内容 ・ネオジオＣＤ　餓狼伝説3　新品未開封【新品、未使用】 ・ネオジオＣＤ　龍虎の拳2　新品未開封【新品、未使用】 ・ネオジオＣＤ　痛快ガンガン行進曲　新品未開封【新品、未使用】
e*r様 SNK NEOGEO CD ソフト セット;https://jp.mercari.com/item/m26538494586;¥7,700;SOLD_OUT;2026-06-20 02:41 UTC;SNKのNEOGEO CD用格闘ゲーム8作品セットです。餓狼伝説やサムライスピリッツなど、名作格闘ゲームを網羅したコレクションです。  <注意> ※ケース、CD、説明書に割れ、傷、汚れ等がございます。 ※ご納得頂けたら購入をお願い致します。 ※CDは未確認ですので、ご了承下さい。  - プラットフォーム: NEOGEO CD - メーカー: SNK - 収録タイトル: 餓狼伝説3, リアルバウト餓狼伝説, サムライスピリッツ斬紅郎無双剣, ザ・キング・オブ・ファイターズ'95, ザ・キング・オブ・ファイターズ'96, サムライスピリッツ - ジャンル: 格闘ゲーム  ご覧いただきありがとうござ
REAL BOUT 餓狼伝説2/餓狼伝説3 オリジナルサウンドトラック セット;https://jp.mercari.com/item/m14883800185;¥2,300;SOLD_OUT;2026-06-19 02:23 UTC;"ネオジオの名作格闘ゲーム『REAL BOUT 餓狼伝説2』と、『餓狼伝説3』のBGMおよびキャラクターボイスを収録した貴重なサウンドトラックです。  動作確認できる環境がないため、どちらも動作未確認です。  両方ともケース表面に割れや細かい傷などがあります。ご理解いただける方のご購入をお願いいたします(*.ˬ.)""  子どもの頃ゲームしてて、個人的に秦兄弟(弟)の声が好きでした(笑)    - タイトル: REAL BOUT 餓狼伝説2 /餓狼伝説3  - メディア形式: 音楽CD  - レーベル: サイトロン・レーベル  - 収録内容: オリジナルBGM、ボイス＆SEコレクション  - 発売"
SNK NEOGEO ネオジオ 餓狼伝説3 遥かなる闘い •チラシ付き;https://jp.mercari.com/item/m34280582463;¥59,900;ON_SALE;2026-06-20 15:24 UTC;
9696様 リクエスト 2点 まとめ商品;https://jp.mercari.com/item/m77432631847;¥115,000;SOLD_OUT;2026-06-20 13:54 UTC;リクエストありがとうございます。こちらはまとめ買い商品です。 2026年06月21日23時59分までに購入してください。  ■ 商品内容 ・作動確認済み。 ネオジオROM 餓狼伝説SPECIAL 餓狼伝説3 龍虎の拳2【目立った傷や汚れなし】 ・作動確認済み。 ネオジオROM サムライスピリッツ 3本セット【目立った傷や汚れなし】
餓狼伝説3 ROAD TO THE FINAL VICTORY;https://jp.mercari.com/item/m51392338159;¥28,000;SOLD_OUT;2026-06-20 10:22 UTC;ご覧いただきありがとうございます。  中古のゲームソフトです。長長保管品のため、ケース・説明書•ディスク （カセッ ト） に経年によるキズ、汚れ、色あせ等があります。  動作確認済み ※すべての機能や長時間の プレイ確認は行っておりません。  商品の状態は写真にてご確認ください。 中古品・年代物であることをご理解いただ ける方のみご購入をお願いいたたします。 すり替え防止および中古品の特性上、購入後の返品・交換はお受けできません。   即購入OKです  よろしくお願いします
NEOGEO ROM 7個セット;https://jp.mercari.com/item/m28939109250;¥165,000;ON_SALE;2026-06-21 11:55 UTC;
【ほぼ新品】SNK NEO-GEO CD 本体　+おまけソフト　ネオジオCD;https://jp.mercari.com/item/m86426644666;¥45,000;SOLD_OUT;2026-06-21 08:09 UTC;購入してから4、5回のみ起動したほぼ新品の ネオジオCDになります。 ずっと暗室で保存をしていました。 おそらくチラシ関係も全部揃っています。 写真の物が全てとなりますのでご確認下さい。  ※2026年6月21日に動作確認しております。  SNK NEO-GEO CD 本体 コントローラー×2 ACアダプター AVケーブル 説明書、当時のチラシ付きになります  長期保管のため箱に多少の汚れ等はございますが、動作には影響はございません。  ※おまけでソフト2本お付けします。 (KOF94、餓狼伝説3)  ※郵送が大変な為、返品不可に了承いただける方のみご購入下さい。  ※商品は美品ですが、自宅保
ネオジオROMカセット 餓狼伝説3;https://jp.mercari.com/item/m33745566990;¥34,000;SOLD_OUT;2026-06-22 10:11 UTC;中古品になります。 動作確認済です。  NEOGEO用対戦格闘ゲームソフト。進化したシステムとグラフィックを搭載したシリーズ第3作目。  - タイトル: 餓狼伝説3 ROAD TO THE FINAL VICTORY - 対応ハード: NEOGEO - メーカー: SNK - ジャンル: 対戦格闘  ご覧いただきありがとうございます。
Y*o様 ネオジオ　餓狼伝説3 (ROMカセット);https://jp.mercari.com/item/m38842848398;¥21,100;SOLD_OUT;2026-06-22 10:19 UTC;箱がボロボロです
SNK NEOGEO ネオジオ 餓狼伝説3 遥かなる闘い •チラシ付き;https://jp.mercari.com/item/m48365686780;¥54,900;ON_SALE;2026-06-23 13:57 UTC;
NEOGEO 餓狼伝説3;https://jp.mercari.com/item/m21344180218;¥42,000;ON_SALE;2026-06-23 13:18 UTC;
餓狼伝説3 公式 秦の秘伝書 攻略本　ガイド　初版　Fatal Fury 3 Road to the Final Victory Strategy Guide Book First Edition NEO GEO;https://jp.mercari.com/item/2JSzN5YvcV36TZ9EV9vnJz;¥7,999;ON_SALE;2026-06-23 08:06 UTC;
ネオジオCD　餓狼伝説3;https://jp.mercari.com/item/m46996094581;¥1,880;ON_SALE;2026-06-23 07:05 UTC;
餓狼伝説3 ROAD TO THE FINAL VICTORY;https://jp.mercari.com/item/m17831966422;¥1,100;SOLD_OUT;2026-06-23 05:43 UTC;ご覧いただきありがとうございます。  中古のゲームソフトです。長長保管品の ため、ケース・説明書 に経年によるキズ、汚れ、色あせ等が ある場合があります。  動作確認済み ※すべての機能や長時間の プレイ確認は行っておりません。  商品の状態は写真にてご確認ください。 中古品・年代物であることをご理解いただ ける方のみご購入をお願いいたたします。 すり替え防止および中古品の特性上、購入 後の返品・交換はお受けできません。   即購入OKです  よろしくお願いします
ネオジオCD 餓狼伝説3 NEOGEO SNK ソフト;https://jp.mercari.com/item/m43821246517;¥1,600;ON_SALE;2026-06-25 13:26 UTC;
Switch アケアカ NEOGEO セレクション Vol.9;https://jp.mercari.com/item/m83582099377;¥5,000;SOLD_OUT;2026-06-25 08:47 UTC;「Switch アケアカ NEOGEO セレクション Vol.9」  #ゲーム #アクション #NintendoSwitch #Nintendo_Switch #Switch  ザ・キングオブファイターズ　2001 餓狼伝説3 真・サムライスピリッツ  得点王3 キングオブモンスターズ マジシャンロード ワールドヒーローズ ファイターズヒストリー　ダイナマイト マジカルドロップ2 ダンクドリーム  即ご購入歓迎です♪ 最初から最終価格ですので値下げ依頼は不可です  画像のゲームは付属しません  ケースにスレ傷の経年劣化がありますので、状態に厳しい方はご注意ください　端子は良好です 動作確認済み
週刊ファミコン通信増刊 ネオジオ通信 餓狼伝説3;https://jp.mercari.com/item/m73245160697;¥5,000;ON_SALE;2026-06-29 12:46 UTC;
【中古】NEO-GEO CDZ 本体 ＋ ゲーム7本セット【動作確認済】;https://jp.mercari.com/item/m13820787898;¥69,000;ON_SALE;2026-06-29 12:02 UTC;
【PC不要】全隠しタイトルアンロック用USB ネオジオ　アーケードスティックプロ;https://jp.mercari.com/item/m67078197957;¥3,500;ON_SALE;2026-07-01 03:52 UTC;
（当時物）月刊GAME遊Ⅱ　 1995年4月号 餓狼伝説3特集;https://jp.mercari.com/item/m48396448961;¥7,800;ON_SALE;2026-07-02 22:55 UTC;
ネオジオCD 餓狼伝説3;https://jp.mercari.com/item/m85299669839;¥1,000;SOLD_OUT;2026-07-04 13:23 UTC;動作確認済みです  目立つ汚れはありませんが四枚目の写真右下にケースビビがあります、ご確認をお願いします  宜しくお願い致します。
週刊ファミコン通信 ネオジオ通信 1995-5/12・19 増刊 餓狼伝説3特集;https://jp.mercari.com/item/m19930237259;¥2,500;ON_SALE;2026-07-04 03:46 UTC;
SNK ネオジオ CD ソフト 5本セット;https://jp.mercari.com/item/m43488652132;¥5,500;SOLD_OUT;2026-07-03 15:48 UTC;SNKの格闘ゲーム名作5タイトルを収録したネオジオCD用ソフトのセットです。  - メーカー: SNK - 対応ハード: NEO GEO CD - 収録タイトル: 真サムライスピリッツ 覇王丸地獄変, 餓狼伝説3, リアルバウト餓狼伝説, THE KING OF FIGHTERS '98, THE KING OF FIGHTERS '95 - ジャンル: 対戦格闘  ご覧いただきありがとうございます。
餓狼伝説3 ROAD TO THE FINAL VICTORY (ネオジオCD);https://jp.mercari.com/item/m94531286662;¥1,400;ON_SALE;2026-07-05 10:06 UTC;
NEO GEOCD ネオジオCD 餓狼伝説3 海外版 FATAL FURY 3;https://jp.mercari.com/item/m28723877913;¥3,300;ON_SALE;2026-07-07 14:34 UTC;
ネオジオCD 餓狼伝説3;https://jp.mercari.com/item/m60504471231;¥1,000;ON_SALE;2026-07-08 12:31 UTC;
餓狼伝説3 ROAD TO THE FINAL VICTORY;https://jp.mercari.com/item/m25161082662;¥1,380;ON_SALE;2026-07-08 07:35 UTC;
